{
    "products": [
        {
            "_id": "5f8db53a7cedf9084a3ce970",
            "commodityCategoryCode": 95141803,
            "commodityCategoryName": "Container unit",
            "createDate": 1603095248000,
            "currency": 101,
            "dateFormat": "dd/MM/yyyy",
            "exclusion": 2,
            "goodsCode": "0019",
            "goodsName": "container unit",
            "haveExciseTax": 102,
            "havePieceUnit": 102,
            "id": "291424139719492221",
            "isExempt": 102,
            "isZeroRate": 102,
            "measureUnit": "PCE",
            "nowTime": "2020-11-19T12:11:12.000Z",
            "pageIndex": 0,
            "pageNo": 0,
            "pageSize": 0,
            "remarks": "This is a container 60 by 60 ft",
            "source": 102,
            "statusCode": 101,
            "stock": 0,
            "stockPrewarning": 1,
            "taxRate": 0.18,
            "timeFormat": "dd/MM/yyyy HH24:mi:ss",
            "unitPrice": 500000
        },
        {
            "_id": "5f8db53a7cedf9084a3ce971",
            "commodityCategoryCode": 95141802,
            "commodityCategoryName": "Emergency tent or hall",
            "createDate": 1603095092000,
            "currency": 101,
            "dateFormat": "dd/MM/yyyy",
            "exclusion": 2,
            "goodsCode": "WEDTENT01",
            "goodsName": "Wedding Tents - Big size",
            "haveExciseTax": 102,
            "havePieceUnit": 102,
            "id": "291408312262631045",
            "isExempt": 102,
            "isZeroRate": 102,
            "measureUnit": "108",
            "nowTime": "2020-11-19T12:11:12.000Z",
            "pageIndex": 0,
            "pageNo": 0,
            "pageSize": 0,
            "remarks": "White tent seating 3000 people",
            "source": 102,
            "statusCode": 101,
            "stock": 0,
            "stockPrewarning": 2,
            "taxRate": 0.18,
            "timeFormat": "dd/MM/yyyy HH24:mi:ss",
            "unitPrice": 2500000
        },
        {
            "_id": "5f8db53a7cedf9084a3ce972",
            "commodityCategoryCode": 10121604,
            "commodityCategoryName": "Poultry food",
            "createDate": 1603082177000,
            "currency": 101,
            "dateFormat": "dd/MM/yyyy",
            "exclusion": 2,
            "goodsCode": "AFD8079",
            "goodsName": "Animal Feeds",
            "haveExciseTax": 102,
            "havePieceUnit": 102,
            "id": "290116872162665841",
            "isExempt": 101,
            "isZeroRate": 102,
            "measureUnit": "102",
            "nowTime": "2020-11-19T12:11:12.000Z",
            "pageIndex": 0,
            "pageNo": 0,
            "pageSize": 0,
            "source": 102,
            "statusCode": 101,
            "stock": 0,
            "stockPrewarning": 0,
            "taxRate": 0.18,
            "timeFormat": "dd/MM/yyyy HH24:mi:ss",
            "unitPrice": 20000
        },
        {
            "_id": "5f8db53a7cedf9084a3ce973",
            "commodityCategoryCode": 10141503,
            "commodityCategoryName": "Horseshoes",
            "createDate": 1602581352000,
            "currency": 101,
            "dateFormat": "dd/MM/yyyy",
            "exclusion": 2,
            "goodsCode": "008",
            "goodsName": "Shoes",
            "haveExciseTax": 102,
            "havePieceUnit": 102,
            "id": "240035414285903918",
            "isExempt": 102,
            "isZeroRate": 102,
            "measureUnit": "102",
            "nowTime": "2020-11-19T12:11:12.000Z",
            "pageIndex": 0,
            "pageNo": 0,
            "pageSize": 0,
            "source": 102,
            "statusCode": 101,
            "stock": 0,
            "stockPrewarning": 0,
            "taxRate": 0.18,
            "timeFormat": "dd/MM/yyyy HH24:mi:ss",
            "unitPrice": 40000
        },
        {
            "_id": "5f8db53a7cedf9084a3ce974",
            "commodityCategoryCode": 10121702,
            "commodityCategoryName": "Fish food pellets",
            "createDate": 1602574346000,
            "currency": 101,
            "dateFormat": "dd/MM/yyyy",
            "exclusion": 2,
            "goodsCode": "Ff009",
            "goodsName": "Fish Food",
            "haveExciseTax": 102,
            "havePieceUnit": 102,
            "id": "239333342924309765",
            "isExempt": 101,
            "isZeroRate": 102,
            "measureUnit": "102",
            "nowTime": "2020-11-19T12:11:12.000Z",
            "pageIndex": 0,
            "pageNo": 0,
            "pageSize": 0,
            "source": 102,
            "statusCode": 101,
            "stock": 0,
            "stockPrewarning": 0,
            "taxRate": 0.18,
            "timeFormat": "dd/MM/yyyy HH24:mi:ss",
            "unitPrice": 50000
        },
        {
            "_id": "5f8db53a7cedf9084a3ce975",
            "commodityCategoryCode": 10141503,
            "commodityCategoryName": "Horseshoes",
            "createDate": 1602571747000,
            "currency": 101,
            "dateFormat": "dd/MM/yyyy",
            "exclusion": 2,
            "goodsCode": "M009",
            "goodsName": "Mule Shoes",
            "haveExciseTax": 102,
            "havePieceUnit": 102,
            "id": "239074855829633723",
            "isExempt": 102,
            "isZeroRate": 102,
            "measureUnit": "102",
            "nowTime": "2020-11-19T12:11:12.000Z",
            "pageIndex": 0,
            "pageNo": 0,
            "pageSize": 0,
            "source": 102,
            "statusCode": 101,
            "stock": 0,
            "stockPrewarning": 0,
            "taxRate": 0.18,
            "timeFormat": "dd/MM/yyyy HH24:mi:ss",
            "unitPrice": 50000
        },
        {
            "_id": "5f8db53a7cedf9084a3ce976",
            "commodityCategoryCode": 10101509,
            "commodityCategoryName": "Asses",
            "createDate": 1602510520000,
            "currency": 101,
            "dateFormat": "dd/MM/yyyy",
            "exclusion": 2,
            "goodsCode": "ASS1256",
            "goodsName": "Assess",
            "haveExciseTax": 102,
            "havePieceUnit": 102,
            "id": "232952155956609775",
            "isExempt": 101,
            "isZeroRate": 102,
            "measureUnit": "102",
            "nowTime": "2020-11-19T12:11:12.000Z",
            "pageIndex": 0,
            "pageNo": 0,
            "pageSize": 0,
            "source": 102,
            "statusCode": 101,
            "stock": 0,
            "stockPrewarning": 0,
            "taxRate": 0.18,
            "timeFormat": "dd/MM/yyyy HH24:mi:ss",
            "unitPrice": 50000
        },
        {
            "_id": "5f8db53a7cedf9084a3ce977",
            "commodityCategoryCode": 10101510,
            "commodityCategoryName": "Mice",
            "createDate": 1602510404000,
            "currency": 101,
            "dateFormat": "dd/MM/yyyy",
            "exclusion": 2,
            "goodsCode": "MCE1569",
            "goodsName": "Mice",
            "haveExciseTax": 102,
            "havePieceUnit": 102,
            "id": "232940696863752629",
            "isExempt": 101,
            "isZeroRate": 102,
            "measureUnit": "102",
            "nowTime": "2020-11-19T12:11:12.000Z",
            "pageIndex": 0,
            "pageNo": 0,
            "pageSize": 0,
            "source": 102,
            "statusCode": 101,
            "stock": 0,
            "stockPrewarning": 0,
            "taxRate": 0.18,
            "timeFormat": "dd/MM/yyyy HH24:mi:ss",
            "unitPrice": 30000
        },
        {
            "_id": "5f8db53a7cedf9084a3ce978",
            "commodityCategoryCode": 10101512,
            "commodityCategoryName": "Rabbits",
            "createDate": 1602500971000,
            "currency": 101,
            "dateFormat": "dd/MM/yyyy",
            "exclusion": 2,
            "goodsCode": "RBT2389",
            "goodsName": "Rabbit",
            "haveExciseTax": 102,
            "havePieceUnit": 102,
            "id": "231997345864821339",
            "isExempt": 101,
            "isZeroRate": 102,
            "measureUnit": "102",
            "nowTime": "2020-11-19T12:11:12.000Z",
            "pageIndex": 0,
            "pageNo": 0,
            "pageSize": 0,
            "remarks": "These are white rabbits",
            "source": 102,
            "statusCode": 101,
            "stock": 0,
            "stockPrewarning": 0,
            "taxRate": 0.18,
            "timeFormat": "dd/MM/yyyy HH24:mi:ss",
            "unitPrice": 20000
        },
        {
            "_id": "5f8db53a7cedf9084a3ce979",
            "commodityCategoryCode": 52121511,
            "commodityCategoryName": "Duvets",
            "createDate": 1602144049000,
            "currency": 101,
            "dateFormat": "dd/MM/yyyy",
            "exclusion": 2,
            "goodsCode": "DT7805",
            "goodsName": "Duvet",
            "haveExciseTax": 102,
            "havePieceUnit": 102,
            "id": "196305822643642617",
            "isExempt": 102,
            "isZeroRate": 102,
            "measureUnit": "102",
            "nowTime": "2020-11-19T12:11:12.000Z",
            "pageIndex": 0,
            "pageNo": 0,
            "pageSize": 0,
            "remarks": "It is a 6 by 6",
            "source": 102,
            "statusCode": 101,
            "stock": 0,
            "stockPrewarning": 0,
            "taxRate": 0.18,
            "timeFormat": "dd/MM/yyyy HH24:mi:ss",
            "unitPrice": 100000
        },
        {
            "_id": "5f8db53a7cedf9084a3ce97a",
            "commodityCategoryCode": 50202306,
            "commodityCategoryName": "Soft drinks",
            "createDate": 1602064964000,
            "currency": 101,
            "dateFormat": "dd/MM/yyyy",
            "exclusion": 2,
            "goodsCode": "SD2347",
            "goodsName": "Soft Drink",
            "haveExciseTax": 102,
            "havePieceUnit": 102,
            "id": "188395968425785369",
            "isExempt": 102,
            "isZeroRate": 102,
            "measureUnit": "102",
            "nowTime": "2020-11-19T12:11:12.000Z",
            "pageIndex": 0,
            "pageNo": 0,
            "pageSize": 0,
            "remarks": "Non alcoholic drinks",
            "source": 102,
            "statusCode": 101,
            "stock": 0,
            "stockPrewarning": 0,
            "taxRate": 0.18,
            "timeFormat": "dd/MM/yyyy HH24:mi:ss",
            "unitPrice": 2000
        },
        {
            "_id": "5f8db53a7cedf9084a3ce97b",
            "commodityCategoryCode": 40161604,
            "commodityCategoryName": "Oil regenerator",
            "createDate": 1601986175000,
            "currency": 101,
            "dateFormat": "dd/MM/yyyy",
            "exclusion": 2,
            "goodsCode": "OG06789",
            "goodsName": "Oil Generator",
            "haveExciseTax": 102,
            "havePieceUnit": 102,
            "id": "180516850784953147",
            "isExempt": 102,
            "isZeroRate": 102,
            "measureUnit": "102",
            "nowTime": "2020-11-19T12:11:12.000Z",
            "pageIndex": 0,
            "pageNo": 0,
            "pageSize": 0,
            "source": 102,
            "statusCode": 101,
            "stock": 12,
            "stockPrewarning": 0,
            "taxRate": 0.18,
            "timeFormat": "dd/MM/yyyy HH24:mi:ss",
            "unitPrice": 40000
        },
        {
            "_id": "5f8db53a7cedf9084a3ce97c",
            "commodityCategoryCode": 40161601,
            "commodityCategoryName": "Air scrubbers",
            "createDate": 1601979713000,
            "currency": 101,
            "dateFormat": "dd/MM/yyyy",
            "exclusion": 2,
            "goodsCode": "AS0239",
            "goodsName": "Air Scrubbers",
            "haveExciseTax": 102,
            "havePieceUnit": 102,
            "id": "179872176287604524",
            "isExempt": 102,
            "isZeroRate": 102,
            "measureUnit": "102",
            "nowTime": "2020-11-19T12:11:12.000Z",
            "pageIndex": 0,
            "pageNo": 0,
            "pageSize": 0,
            "source": 102,
            "statusCode": 101,
            "stock": 0,
            "stockPrewarning": 0,
            "taxRate": 0.18,
            "timeFormat": "dd/MM/yyyy HH24:mi:ss",
            "unitPrice": 30000
        },
        {
            "_id": "5f8db53a7cedf9084a3ce97d",
            "commodityCategoryCode": 40141731,
            "commodityCategoryName": "Nozzles",
            "createDate": 1601969339000,
            "currency": 101,
            "dateFormat": "dd/MM/yyyy",
            "exclusion": 2,
            "goodsCode": "NZ0789",
            "goodsName": "Nozzels",
            "haveExciseTax": 102,
            "havePieceUnit": 102,
            "id": "178834143779956760",
            "isExempt": 102,
            "isZeroRate": 102,
            "measureUnit": "102",
            "nowTime": "2020-11-19T12:11:12.000Z",
            "pageIndex": 0,
            "pageNo": 0,
            "pageSize": 0,
            "source": 102,
            "statusCode": 101,
            "stock": 0,
            "stockPrewarning": 0,
            "taxRate": 0.18,
            "timeFormat": "dd/MM/yyyy HH24:mi:ss",
            "unitPrice": 200000
        },
        {
            "_id": "5f8db53a7cedf9084a3ce97e",
            "commodityCategoryCode": 40141655,
            "commodityCategoryName": "Vacuum valve",
            "createDate": 1601968751000,
            "currency": 101,
            "dateFormat": "dd/MM/yyyy",
            "exclusion": 2,
            "goodsCode": "FK0790",
            "goodsName": "Flask",
            "haveExciseTax": 102,
            "havePieceUnit": 102,
            "id": "178776103280214282",
            "isExempt": 102,
            "isZeroRate": 102,
            "measureUnit": "102",
            "nowTime": "2020-11-19T12:11:12.000Z",
            "pageIndex": 0,
            "pageNo": 0,
            "pageSize": 0,
            "source": 102,
            "statusCode": 101,
            "stock": 0,
            "stockPrewarning": 0,
            "taxRate": 0.18,
            "timeFormat": "dd/MM/yyyy HH24:mi:ss",
            "unitPrice": 40000
        },
        {
            "_id": "5f8db53a7cedf9084a3ce97f",
            "commodityCategoryCode": 40101721,
            "commodityCategoryName": "Water cooled condensor",
            "createDate": 1601959537000,
            "currency": 101,
            "dateFormat": "dd/MM/yyyy",
            "exclusion": 2,
            "goodsCode": "WCC0090",
            "goodsName": "Water Cooled Condensor",
            "haveExciseTax": 102,
            "havePieceUnit": 102,
            "id": "177853157830075170",
            "isExempt": 102,
            "isZeroRate": 102,
            "measureUnit": "102",
            "nowTime": "2020-11-19T12:11:12.000Z",
            "pageIndex": 0,
            "pageNo": 0,
            "pageSize": 0,
            "source": 102,
            "statusCode": 101,
            "stock": 0,
            "stockPrewarning": 0,
            "taxRate": 0.18,
            "timeFormat": "dd/MM/yyyy HH24:mi:ss",
            "unitPrice": 500000
        },
        {
            "_id": "5f8db53a7cedf9084a3ce980",
            "commodityCategoryCode": 22101609,
            "commodityCategoryName": "Paving material mixers",
            "createDate": 1601900612000,
            "currency": 101,
            "dateFormat": "dd/MM/yyyy",
            "exclusion": 2,
            "goodsCode": "PMM4567",
            "goodsName": "Paver Material Mixer",
            "haveExciseTax": 102,
            "havePieceUnit": 102,
            "id": "171962044223197143",
            "isExempt": 102,
            "isZeroRate": 102,
            "measureUnit": "102",
            "nowTime": "2020-11-19T12:11:12.000Z",
            "pageIndex": 0,
            "pageNo": 0,
            "pageSize": 0,
            "source": 102,
            "statusCode": 101,
            "stock": 0,
            "stockPrewarning": 0,
            "taxRate": 0.18,
            "timeFormat": "dd/MM/yyyy HH24:mi:ss",
            "unitPrice": 100000
        },
        {
            "_id": "5f8db53a7cedf9084a3ce981",
            "commodityCategoryCode": 22101615,
            "commodityCategoryName": "Paving breakers",
            "createDate": 1601900406000,
            "currency": 101,
            "dateFormat": "dd/MM/yyyy",
            "exclusion": 2,
            "goodsCode": "PB7820",
            "goodsName": "Paving Brakers",
            "haveExciseTax": 102,
            "havePieceUnit": 102,
            "id": "171941355195853365",
            "isExempt": 102,
            "isZeroRate": 102,
            "measureUnit": "102",
            "nowTime": "2020-11-19T12:11:12.000Z",
            "pageIndex": 0,
            "pageNo": 0,
            "pageSize": 0,
            "source": 102,
            "statusCode": 101,
            "stock": 0,
            "stockPrewarning": 0,
            "taxRate": 0.18,
            "timeFormat": "dd/MM/yyyy HH24:mi:ss",
            "unitPrice": 50000
        },
        {
            "_id": "5f8db53a7cedf9084a3ce982",
            "commodityCategoryCode": 22101502,
            "commodityCategoryName": "Graders",
            "createDate": 1601880683000,
            "currency": 101,
            "dateFormat": "dd/MM/yyyy",
            "exclusion": 2,
            "goodsCode": "GD0239",
            "goodsName": "Grader",
            "haveExciseTax": 102,
            "havePieceUnit": 102,
            "id": "169968892071507072",
            "isExempt": 102,
            "isZeroRate": 102,
            "measureUnit": "102",
            "nowTime": "2020-11-19T12:11:12.000Z",
            "pageIndex": 0,
            "pageNo": 0,
            "pageSize": 0,
            "source": 102,
            "statusCode": 101,
            "stock": 0,
            "stockPrewarning": 0,
            "taxRate": 0.18,
            "timeFormat": "dd/MM/yyyy HH24:mi:ss",
            "unitPrice": 5000000
        },
        {
            "_id": "5f8db53a7cedf9084a3ce983",
            "commodityCategoryCode": 22101501,
            "commodityCategoryName": "Front end loaders",
            "createDate": 1601880461000,
            "currency": 101,
            "dateFormat": "dd/MM/yyyy",
            "exclusion": 2,
            "goodsCode": "FEL0203",
            "goodsName": "Front End Loaders",
            "haveExciseTax": 102,
            "havePieceUnit": 102,
            "id": "169947430757820865",
            "isExempt": 102,
            "isZeroRate": 102,
            "measureUnit": "102",
            "nowTime": "2020-11-19T12:11:12.000Z",
            "pageIndex": 0,
            "pageNo": 0,
            "pageSize": 0,
            "source": 102,
            "statusCode": 101,
            "stock": 0,
            "stockPrewarning": 0,
            "taxRate": 0.18,
            "timeFormat": "dd/MM/yyyy HH24:mi:ss",
            "unitPrice": 300000
        },
        {
            "_id": "5f8db53a7cedf9084a3ce984",
            "commodityCategoryCode": 14111501,
            "commodityCategoryName": "Onion skin paper",
            "createDate": 1601450515000,
            "currency": 102,
            "dateFormat": "dd/MM/yyyy",
            "exclusion": 2,
            "goodsCode": "OS001",
            "goodsName": "Onion skin",
            "haveExciseTax": 102,
            "havePieceUnit": 102,
            "id": "126943909180124681",
            "isExempt": 102,
            "isZeroRate": 102,
            "measureUnit": "111",
            "nowTime": "2020-11-19T12:11:12.000Z",
            "pageIndex": 0,
            "pageNo": 0,
            "pageSize": 0,
            "source": 102,
            "statusCode": 101,
            "stock": 0,
            "stockPrewarning": 20,
            "taxRate": 0.18,
            "timeFormat": "dd/MM/yyyy HH24:mi:ss",
            "unitPrice": 100000
        },
        {
            "_id": "5f8db53a7cedf9084a3ce985",
            "commodityCategoryCode": 14101501,
            "commodityCategoryName": "Paper pulp",
            "createDate": 1601450453000,
            "currency": 101,
            "dateFormat": "dd/MM/yyyy",
            "exclusion": 2,
            "goodsCode": "PP001",
            "goodsName": "Paper Pulp",
            "haveExciseTax": 102,
            "havePieceUnit": 101,
            "id": "126943909180124633",
            "isExempt": 102,
            "isZeroRate": 102,
            "measureUnit": "110",
            "nowTime": "2020-11-19T12:11:12.000Z",
            "pack": "1",
            "packageScaledValue": "1",
            "pageIndex": 0,
            "pageNo": 0,
            "pageSize": 0,
            "pieceMeasureUnit": "PP",
            "pieceScaledValue": "12",
            "pieceUnitPrice": "200",
            "source": 102,
            "statusCode": 101,
            "stick": "12",
            "stock": 0,
            "stockPrewarning": 40,
            "taxRate": 0.18,
            "timeFormat": "dd/MM/yyyy HH24:mi:ss",
            "unitPrice": 20000
        },
        {
            "_id": "5f8db53a7cedf9084a3ce986",
            "commodityCategoryCode": 24111812,
            "commodityCategoryName": "Containment basin",
            "createDate": 1601449664000,
            "currency": 101,
            "dateFormat": "dd/MM/yyyy",
            "exclusion": 2,
            "goodsCode": "ST020",
            "goodsName": "Shirts",
            "haveExciseTax": 102,
            "havePieceUnit": 102,
            "id": "126868076731034531",
            "isExempt": 102,
            "isZeroRate": 102,
            "measureUnit": "102",
            "nowTime": "2020-11-19T12:11:12.000Z",
            "pageIndex": 0,
            "pageNo": 0,
            "pageSize": 0,
            "source": 102,
            "statusCode": 101,
            "stock": 0,
            "stockPrewarning": 0,
            "taxRate": 0.18,
            "timeFormat": "dd/MM/yyyy HH24:mi:ss",
            "unitPrice": 30000
        },
        {
            "_id": "5f8db53a7cedf9084a3ce987",
            "commodityCategoryCode": 43211903,
            "commodityCategoryName": "Touch screen monitors",
            "createDate": 1601449466000,
            "currency": 101,
            "dateFormat": "dd/MM/yyyy",
            "exclusion": 2,
            "goodsCode": "BA020",
            "goodsName": "Basin",
            "haveExciseTax": 102,
            "havePieceUnit": 102,
            "id": "126848360173404941",
            "isZeroRate": 102,
            "measureUnit": "102",
            "nowTime": "2020-11-19T12:11:12.000Z",
            "pageIndex": 0,
            "pageNo": 0,
            "pageSize": 0,
            "source": 102,
            "statusCode": 101,
            "stock": 0,
            "stockPrewarning": 0,
            "taxRate": 0.18,
            "timeFormat": "dd/MM/yyyy HH24:mi:ss",
            "unitPrice": 3000
        },
        {
            "_id": "5f8db53a7cedf9084a3ce988",
            "commodityCategoryCode": 43211903,
            "commodityCategoryName": "Touch screen monitors",
            "createDate": 1601445528000,
            "currency": 101,
            "dateFormat": "dd/MM/yyyy",
            "exclusion": 2,
            "goodsCode": "CT001",
            "goodsName": "Cement",
            "haveExciseTax": 102,
            "havePieceUnit": 102,
            "id": "126454731078067532",
            "isZeroRate": 102,
            "measureUnit": "BG",
            "nowTime": "2020-11-19T12:11:12.000Z",
            "pageIndex": 0,
            "pageNo": 0,
            "pageSize": 0,
            "remarks": "It is sold in boxes bags  and in kilogrammes",
            "source": 102,
            "statusCode": 101,
            "stock": 0,
            "stockPrewarning": 0,
            "taxRate": 0.18,
            "timeFormat": "dd/MM/yyyy HH24:mi:ss",
            "unitPrice": 28000
        },
        {
            "_id": "5f8db53a7cedf9084a3ce989",
            "commodityCategoryCode": 46181708,
            "commodityCategoryName": "Protective hair net",
            "createDate": 1601292261000,
            "currency": 101,
            "dateFormat": "dd/MM/yyyy",
            "exclusion": 2,
            "goodsCode": "PHN0569",
            "goodsName": "Protective Hair Net",
            "haveExciseTax": 102,
            "havePieceUnit": 102,
            "id": "111128281772681043",
            "isExempt": 102,
            "isZeroRate": 102,
            "measureUnit": "PCE",
            "nowTime": "2020-11-19T12:11:12.000Z",
            "pageIndex": 0,
            "pageNo": 0,
            "pageSize": 0,
            "source": 102,
            "statusCode": 101,
            "stock": 0,
            "stockPrewarning": 0,
            "taxRate": 0.18,
            "timeFormat": "dd/MM/yyyy HH24:mi:ss",
            "unitPrice": 5000
        },
        {
            "_id": "5f8db53a7cedf9084a3ce98a",
            "commodityCategoryCode": 10101501,
            "commodityCategoryName": "Cats",
            "createDate": 1601290271000,
            "currency": 101,
            "dateFormat": "dd/MM/yyyy",
            "exclusion": 2,
            "goodsCode": "CT239",
            "goodsName": "Cats",
            "haveExciseTax": 102,
            "havePieceUnit": 102,
            "id": "110928518460297987",
            "isExempt": 101,
            "isZeroRate": 102,
            "measureUnit": "PCE",
            "nowTime": "2020-11-19T12:11:12.000Z",
            "pageIndex": 0,
            "pageNo": 0,
            "pageSize": 0,
            "source": 102,
            "statusCode": 101,
            "stock": 0,
            "stockPrewarning": 0,
            "taxRate": 0.18,
            "timeFormat": "dd/MM/yyyy HH24:mi:ss",
            "unitPrice": 50000
        },
        {
            "_id": "5f8db53a7cedf9084a3ce98b",
            "commodityCategoryCode": 43211903,
            "commodityCategoryName": "Touch screen monitors",
            "createDate": 1600264222000,
            "currency": 101,
            "dateFormat": "dd/MM/yyyy",
            "exclusion": 2,
            "goodsCode": "DR 001",
            "goodsName": "Dresses",
            "haveExciseTax": 102,
            "havePieceUnit": 102,
            "id": "824137137710593967",
            "isZeroRate": 102,
            "measureUnit": "PCE",
            "nowTime": "2020-11-19T12:11:12.000Z",
            "pageIndex": 0,
            "pageNo": 0,
            "pageSize": 0,
            "remarks": "Long and short ones",
            "source": 102,
            "statusCode": 101,
            "stock": 108,
            "stockPrewarning": 0,
            "taxRate": 0.18,
            "timeFormat": "dd/MM/yyyy HH24:mi:ss",
            "unitPrice": 60000
        },
        {
            "_id": "5f8db53a7cedf9084a3ce98c",
            "commodityCategoryCode": 43211903,
            "commodityCategoryName": "Touch screen monitors",
            "createDate": 1600264222000,
            "currency": 101,
            "dateFormat": "dd/MM/yyyy",
            "exclusion": 2,
            "goodsCode": "CT 001",
            "goodsName": "Cement",
            "haveExciseTax": 102,
            "havePieceUnit": 102,
            "id": "824137137710593963",
            "isZeroRate": 102,
            "measureUnit": "BG",
            "nowTime": "2020-11-19T12:11:12.000Z",
            "pageIndex": 0,
            "pageNo": 0,
            "pageSize": 0,
            "remarks": "It is sold in boxes bags  and in kilogrammes",
            "source": 102,
            "statusCode": 101,
            "stock": 0,
            "stockPrewarning": 0,
            "taxRate": 0.18,
            "timeFormat": "dd/MM/yyyy HH24:mi:ss",
            "unitPrice": 28000
        },
        {
            "_id": "5f8db53a7cedf9084a3ce98d",
            "commodityCategoryCode": 43211903,
            "commodityCategoryName": "Touch screen monitors",
            "createDate": 1600202768000,
            "currency": 101,
            "dateFormat": "dd/MM/yyyy",
            "exclusion": 2,
            "goodsCode": "MONI02",
            "goodsName": "Dell Ultra Large Monitor",
            "haveExciseTax": 102,
            "havePieceUnit": 102,
            "id": "214930005707852142",
            "isZeroRate": 102,
            "measureUnit": "108",
            "nowTime": "2020-11-19T12:11:12.000Z",
            "pageIndex": 0,
            "pageNo": 0,
            "pageSize": 0,
            "remarks": "Dell 24 inch computer monitors",
            "source": 102,
            "statusCode": 101,
            "stock": 33,
            "stockPrewarning": 5,
            "taxRate": 0.18,
            "timeFormat": "dd/MM/yyyy HH24:mi:ss",
            "unitPrice": 985000
        },
        {
            "_id": "5f8db53a7cedf9084a3ce98e",
            "commodityCategoryCode": 43211903,
            "commodityCategoryName": "Touch screen monitors",
            "createDate": 1598718648000,
            "currency": 101,
            "dateFormat": "dd/MM/yyyy",
            "exclusion": 2,
            "goodsCode": "MONI01",
            "goodsName": "Touch Screen Monitor",
            "haveExciseTax": 102,
            "havePieceUnit": 102,
            "id": "371445754360003686",
            "isZeroRate": 102,
            "measureUnit": "101",
            "nowTime": "2020-11-19T12:11:12.000Z",
            "pageIndex": 0,
            "pageNo": 0,
            "pageSize": 0,
            "remarks": "32 inch computer display monitor",
            "source": 102,
            "statusCode": 101,
            "stock": 21,
            "stockPrewarning": 0,
            "taxRate": 0.18,
            "timeFormat": "dd/MM/yyyy HH24:mi:ss",
            "unitPrice": 3500000
        },
        {
            "_id": "5f8db53a7cedf9084a3ce98f",
            "commodityCategoryCode": 43231603,
            "commodityCategoryName": "Tax preparation software",
            "createDate": 1598644700000,
            "currency": 101,
            "dateFormat": "dd/MM/yyyy",
            "exclusion": 1,
            "goodsCode": "EFRIS01",
            "goodsName": "Efris Integration",
            "haveExciseTax": 102,
            "havePieceUnit": 102,
            "id": "364101003660876944",
            "isExempt": 101,
            "isZeroRate": 102,
            "measureUnit": "101",
            "nowTime": "2020-11-19T12:11:12.000Z",
            "pageIndex": 0,
            "pageNo": 0,
            "pageSize": 0,
            "remarks": "Integration of Tally.ERP to the URA EFRIS API",
            "source": 102,
            "statusCode": 101,
            "stock": 0,
            "stockPrewarning": 0,
            "taxRate": 0.18,
            "timeFormat": "dd/MM/yyyy HH24:mi:ss",
            "unitPrice": 5200000
        },
        {
            "_id": "5f8db53a7cedf9084a3ce990",
            "commodityCategoryCode": 85251912,
            "commodityCategoryName": "Diagnosis of malignant neoplasm on the skin of scalp and neck",
            "createDate": 1597049947000,
            "currency": 101,
            "dateFormat": "dd/MM/yyyy",
            "exclusion": 2,
            "goodsCode": "DIAG093",
            "goodsName": "Medical Diagnosis",
            "haveExciseTax": 102,
            "havePieceUnit": 102,
            "id": "204626293485234380",
            "isExempt": 102,
            "isZeroRate": 102,
            "measureUnit": "108",
            "nowTime": "2020-11-19T12:11:12.000Z",
            "pageIndex": 0,
            "pageNo": 0,
            "pageSize": 0,
            "source": 102,
            "statusCode": 101,
            "stock": 0,
            "taxRate": 0.18,
            "timeFormat": "dd/MM/yyyy HH24:mi:ss",
            "unitPrice": 156500
        },
        {
            "_id": "5f8db53a7cedf9084a3ce991",
            "commodityCategoryCode": 43232408,
            "commodityCategoryName": "Web platform development software",
            "createDate": 1596883739000,
            "currency": 101,
            "dateFormat": "dd/MM/yyyy",
            "exclusion": 1,
            "goodsCode": "SFT01",
            "goodsName": "Web Application Development",
            "haveExciseTax": 102,
            "havePieceUnit": 102,
            "id": "187989979829735386",
            "isExempt": 101,
            "isZeroRate": 102,
            "measureUnit": "108",
            "nowTime": "2020-11-19T12:11:12.000Z",
            "pageIndex": 0,
            "pageNo": 0,
            "pageSize": 0,
            "source": 102,
            "statusCode": 101,
            "stock": 0,
            "stockPrewarning": 1,
            "taxRate": 0.18,
            "timeFormat": "dd/MM/yyyy HH24:mi:ss",
            "unitPrice": 1000000
        },
        {
            "_id": "5f8db53a7cedf9084a3ce992",
            "commodityCategoryCode": 81111508,
            "commodityCategoryName": "Application implementation services",
            "createDate": 1595906254000,
            "currency": 101,
            "dateFormat": "dd/MM/yyyy",
            "exclusion": 2,
            "goodsCode": "SOFTWARE-DEV",
            "goodsName": "Software Development",
            "haveExciseTax": 102,
            "havePieceUnit": 102,
            "id": "901179092951161392",
            "isExempt": 102,
            "isZeroRate": 102,
            "measureUnit": "108",
            "nowTime": "2020-11-19T12:11:12.000Z",
            "pageIndex": 0,
            "pageNo": 0,
            "pageSize": 0,
            "source": 102,
            "statusCode": 101,
            "stock": 0,
            "taxRate": 0.18,
            "timeFormat": "dd/MM/yyyy HH24:mi:ss",
            "unitPrice": 0
        },
        {
            "_id": "5f8db53a7cedf9084a3ce993",
            "commodityCategoryCode": 43232408,
            "commodityCategoryName": "Web platform development software",
            "createDate": 1595906098000,
            "currency": 101,
            "dateFormat": "dd/MM/yyyy",
            "exclusion": 1,
            "goodsCode": "WEB-APPS",
            "goodsName": "Web Application Development",
            "haveExciseTax": 102,
            "havePieceUnit": 102,
            "id": "901179092951161360",
            "isExempt": 101,
            "isZeroRate": 102,
            "measureUnit": "108",
            "nowTime": "2020-11-19T12:11:12.000Z",
            "pageIndex": 0,
            "pageNo": 0,
            "pageSize": 0,
            "source": 102,
            "statusCode": 101,
            "stock": 0,
            "stockPrewarning": 0,
            "taxRate": 0.18,
            "timeFormat": "dd/MM/yyyy HH24:mi:ss",
            "unitPrice": 10000
        },
        {
            "_id": "5f92aa7fc8a093c26a132f97",
            "goodsCode": "OKX082",
            "__v": 0,
            "commodityCategoryCode": 95141708,
            "commodityCategoryName": "Office kitchen",
            "createDate": 1603447214000,
            "currency": 101,
            "dateFormat": "dd/MM/yyyy",
            "exclusion": 2,
            "goodsName": "Office Kicten renovation",
            "haveExciseTax": 102,
            "havePieceUnit": 102,
            "id": "326620075898332719",
            "isExempt": 102,
            "isZeroRate": 102,
            "measureUnit": "101",
            "nowTime": "2020-11-19T12:11:12.000Z",
            "pageIndex": 0,
            "pageNo": 0,
            "pageSize": 0,
            "remarks": "Testing if product sync works",
            "source": 102,
            "statusCode": 101,
            "stock": 13,
            "stockPrewarning": 0,
            "taxRate": 0.18,
            "timeFormat": "dd/MM/yyyy HH24:mi:ss",
            "unitPrice": 250000
        },
        {
            "_id": "5f92aa7fc8a093c26a132f98",
            "goodsCode": "OKX081",
            "__v": 0,
            "commodityCategoryCode": 95141708,
            "commodityCategoryName": "Office kitchen",
            "createDate": 1603447421000,
            "currency": 101,
            "dateFormat": "dd/MM/yyyy",
            "exclusion": 2,
            "goodsName": "Office Kicten renovation",
            "haveExciseTax": 102,
            "havePieceUnit": 102,
            "id": "326640860817956212",
            "isExempt": 102,
            "isZeroRate": 102,
            "measureUnit": "101",
            "nowTime": "2020-11-19T12:11:12.000Z",
            "pageIndex": 0,
            "pageNo": 0,
            "pageSize": 0,
            "remarks": "Testing if product sync works",
            "source": 102,
            "statusCode": 101,
            "stock": 0,
            "stockPrewarning": 0,
            "taxRate": 0.18,
            "timeFormat": "dd/MM/yyyy HH24:mi:ss",
            "unitPrice": 250000
        },
        {
            "_id": "5f92aa7fc8a093c26a132fa3",
            "goodsCode": "OKX085",
            "__v": 0,
            "commodityCategoryCode": 95141708,
            "commodityCategoryName": "Office kitchen",
            "createDate": 1603445267000,
            "currency": 101,
            "dateFormat": "dd/MM/yyyy",
            "exclusion": 2,
            "goodsName": "Testing on 23rd oct ",
            "haveExciseTax": 102,
            "havePieceUnit": 102,
            "id": "326425002423770777",
            "isExempt": 102,
            "isZeroRate": 102,
            "measureUnit": "101",
            "nowTime": "2020-11-19T12:11:12.000Z",
            "pageIndex": 0,
            "pageNo": 0,
            "pageSize": 0,
            "remarks": "1",
            "source": 102,
            "statusCode": 101,
            "stock": 0,
            "stockPrewarning": 10,
            "taxRate": 0.18,
            "timeFormat": "dd/MM/yyyy HH24:mi:ss",
            "unitPrice": 6999.99
        },
        {
            "_id": "5f92aa7fc8a093c26a132fa9",
            "goodsCode": "OKX084",
            "__v": 0,
            "commodityCategoryCode": 95141708,
            "commodityCategoryName": "Office kitchen",
            "createDate": 1603445371000,
            "currency": 101,
            "dateFormat": "dd/MM/yyyy",
            "exclusion": 2,
            "goodsName": "Testing on 23rd oct ",
            "haveExciseTax": 102,
            "havePieceUnit": 102,
            "id": "326435814170116055",
            "isExempt": 102,
            "isZeroRate": 102,
            "measureUnit": "101",
            "nowTime": "2020-11-19T12:11:12.000Z",
            "pageIndex": 0,
            "pageNo": 0,
            "pageSize": 0,
            "remarks": "1",
            "source": 102,
            "statusCode": 101,
            "stock": 0,
            "stockPrewarning": 10,
            "taxRate": 0.18,
            "timeFormat": "dd/MM/yyyy HH24:mi:ss",
            "unitPrice": 6999.99
        },
        {
            "_id": "5f92aa7fc8a093c26a132fba",
            "goodsCode": "OKX086",
            "__v": 0,
            "commodityCategoryCode": 95141708,
            "commodityCategoryName": "Office kitchen",
            "createDate": 1603445212000,
            "currency": 101,
            "dateFormat": "dd/MM/yyyy",
            "exclusion": 2,
            "goodsName": "Testing on 23rd oct ",
            "haveExciseTax": 102,
            "havePieceUnit": 102,
            "id": "326419735067876025",
            "isExempt": 102,
            "isZeroRate": 102,
            "measureUnit": "101",
            "nowTime": "2020-11-19T12:11:12.000Z",
            "pageIndex": 0,
            "pageNo": 0,
            "pageSize": 0,
            "remarks": "1",
            "source": 102,
            "statusCode": 101,
            "stock": 0,
            "stockPrewarning": 10,
            "taxRate": 0.18,
            "timeFormat": "dd/MM/yyyy HH24:mi:ss",
            "unitPrice": 6999.99
        },
        {
            "_id": "5f92aa7fc8a093c26a132fbd",
            "goodsCode": "OKX087",
            "__v": 0,
            "commodityCategoryCode": 95141708,
            "commodityCategoryName": "Office kitchen",
            "createDate": 1603445182000,
            "currency": 101,
            "dateFormat": "dd/MM/yyyy",
            "exclusion": 2,
            "goodsName": "Testing on 23rd oct ",
            "haveExciseTax": 102,
            "havePieceUnit": 102,
            "id": "326416802627736438",
            "isExempt": 102,
            "isZeroRate": 102,
            "measureUnit": "101",
            "nowTime": "2020-11-19T12:11:12.000Z",
            "pageIndex": 0,
            "pageNo": 0,
            "pageSize": 0,
            "remarks": "1",
            "source": 102,
            "statusCode": 101,
            "stock": 0,
            "stockPrewarning": 10,
            "taxRate": 0.18,
            "timeFormat": "dd/MM/yyyy HH24:mi:ss",
            "unitPrice": 6999.99
        },
        {
            "_id": "5f92aa7fc8a093c26a132fc8",
            "goodsCode": "OKX088",
            "__v": 0,
            "commodityCategoryCode": 95141708,
            "commodityCategoryName": "Office kitchen",
            "createDate": 1603445057000,
            "currency": 101,
            "dateFormat": "dd/MM/yyyy",
            "exclusion": 2,
            "goodsName": "Testing on 23rd oct ",
            "haveExciseTax": 102,
            "havePieceUnit": 102,
            "id": "326403835213246149",
            "isExempt": 102,
            "isZeroRate": 102,
            "measureUnit": "101",
            "nowTime": "2020-11-19T12:11:12.000Z",
            "pageIndex": 0,
            "pageNo": 0,
            "pageSize": 0,
            "remarks": "1",
            "source": 102,
            "statusCode": 101,
            "stock": 0,
            "stockPrewarning": 10,
            "taxRate": 0.18,
            "timeFormat": "dd/MM/yyyy HH24:mi:ss",
            "unitPrice": 6999.99
        },
        {
            "_id": "5f92aa7fc8a093c26a132fcb",
            "goodsCode": "OKX089",
            "__v": 0,
            "commodityCategoryCode": 95141708,
            "commodityCategoryName": "Office kitchen",
            "createDate": 1603444937000,
            "currency": 101,
            "dateFormat": "dd/MM/yyyy",
            "exclusion": 2,
            "goodsName": "Testing on 23rd oct ",
            "haveExciseTax": 102,
            "havePieceUnit": 102,
            "id": "326391931963676061",
            "isExempt": 102,
            "isZeroRate": 102,
            "measureUnit": "101",
            "nowTime": "2020-11-19T12:11:12.000Z",
            "pageIndex": 0,
            "pageNo": 0,
            "pageSize": 0,
            "remarks": "1",
            "source": 102,
            "statusCode": 101,
            "stock": 0,
            "stockPrewarning": 10,
            "taxRate": 0.18,
            "timeFormat": "dd/MM/yyyy HH24:mi:ss",
            "unitPrice": 6999.99
        },
        {
            "_id": "5f92aa7fc8a093c26a132fd9",
            "goodsCode": "OKX091",
            "__v": 0,
            "commodityCategoryCode": 95141708,
            "commodityCategoryName": "Office kitchen",
            "createDate": 1603444309000,
            "currency": 101,
            "dateFormat": "dd/MM/yyyy",
            "exclusion": 2,
            "goodsName": "Testing on 23rd oct ",
            "haveExciseTax": 102,
            "havePieceUnit": 102,
            "id": "326328222636095376",
            "isExempt": 102,
            "isZeroRate": 102,
            "measureUnit": "101",
            "nowTime": "2020-11-19T12:11:12.000Z",
            "pageIndex": 0,
            "pageNo": 0,
            "pageSize": 0,
            "remarks": "1",
            "source": 102,
            "statusCode": 101,
            "stock": 0,
            "stockPrewarning": 10,
            "taxRate": 0.18,
            "timeFormat": "dd/MM/yyyy HH24:mi:ss",
            "unitPrice": 6999.99
        },
        {
            "_id": "5f92aa7fc8a093c26a132fdc",
            "goodsCode": "OKX090",
            "__v": 0,
            "commodityCategoryCode": 95141708,
            "commodityCategoryName": "Office kitchen",
            "createDate": 1603444513000,
            "currency": 101,
            "dateFormat": "dd/MM/yyyy",
            "exclusion": 2,
            "goodsName": "Testing on 23rd oct ",
            "haveExciseTax": 102,
            "havePieceUnit": 102,
            "id": "326349295284782084",
            "isExempt": 102,
            "isZeroRate": 102,
            "measureUnit": "101",
            "nowTime": "2020-11-19T12:11:12.000Z",
            "pageIndex": 0,
            "pageNo": 0,
            "pageSize": 0,
            "remarks": "1",
            "source": 102,
            "statusCode": 101,
            "stock": 0,
            "stockPrewarning": 10,
            "taxRate": 0.18,
            "timeFormat": "dd/MM/yyyy HH24:mi:ss",
            "unitPrice": 6999.99
        },
        {
            "_id": "5f92aa7fc8a093c26a132fe7",
            "goodsCode": "GT009",
            "__v": 0,
            "commodityCategoryCode": 10101508,
            "commodityCategoryName": "Goats",
            "createDate": 1603427257000,
            "currency": 101,
            "dateFormat": "dd/MM/yyyy",
            "exclusion": 2,
            "goodsName": "goat",
            "haveExciseTax": 102,
            "havePieceUnit": 102,
            "id": "324624463437500711",
            "isExempt": 101,
            "isZeroRate": 102,
            "measureUnit": "PCE",
            "nowTime": "2020-11-19T12:11:12.000Z",
            "pageIndex": 0,
            "pageNo": 0,
            "pageSize": 0,
            "remarks": "1",
            "source": 102,
            "statusCode": 101,
            "stock": 0,
            "stockPrewarning": 0,
            "taxRate": 0.18,
            "timeFormat": "dd/MM/yyyy HH24:mi:ss",
            "unitPrice": 200000
        },
        {
            "_id": "5f92aa7fc8a093c26a132fea",
            "goodsCode": "sp009",
            "__v": 0,
            "commodityCategoryCode": 10101507,
            "commodityCategoryName": "Sheep",
            "createDate": 1603425719000,
            "currency": 101,
            "dateFormat": "dd/MM/yyyy",
            "exclusion": 2,
            "goodsName": "sheep",
            "haveExciseTax": 102,
            "havePieceUnit": 102,
            "id": "324469943876478237",
            "isExempt": 101,
            "isZeroRate": 102,
            "measureUnit": "PCE",
            "nowTime": "2020-11-19T12:11:12.000Z",
            "pageIndex": 0,
            "pageNo": 0,
            "pageSize": 0,
            "remarks": "1",
            "source": 102,
            "statusCode": 101,
            "stock": 0,
            "stockPrewarning": 0,
            "taxRate": 0.18,
            "timeFormat": "dd/MM/yyyy HH24:mi:ss",
            "unitPrice": 300000
        },
        {
            "_id": "5f92aa7fc8a093c26a132ff5",
            "goodsCode": "OKX095",
            "__v": 0,
            "commodityCategoryCode": 95141708,
            "commodityCategoryName": "Office kitchen",
            "createDate": 1603404158000,
            "currency": 101,
            "dateFormat": "dd/MM/yyyy",
            "exclusion": 2,
            "goodsName": "Testing again ",
            "haveExciseTax": 102,
            "havePieceUnit": 102,
            "id": "322314130545549428",
            "isExempt": 102,
            "isZeroRate": 102,
            "measureUnit": "101",
            "nowTime": "2020-11-19T12:11:12.000Z",
            "pageIndex": 0,
            "pageNo": 0,
            "pageSize": 0,
            "remarks": "1",
            "source": 102,
            "statusCode": 101,
            "stock": 0,
            "stockPrewarning": 10,
            "taxRate": 0.18,
            "timeFormat": "dd/MM/yyyy HH24:mi:ss",
            "unitPrice": 6999.99
        },
        {
            "_id": "5f92aa7fc8a093c26a132ff9",
            "goodsCode": "OKX096",
            "__v": 0,
            "commodityCategoryCode": 95141708,
            "commodityCategoryName": "Office kitchen",
            "createDate": 1603404113000,
            "currency": 101,
            "dateFormat": "dd/MM/yyyy",
            "exclusion": 2,
            "goodsName": "Testing again ",
            "haveExciseTax": 102,
            "havePieceUnit": 102,
            "id": "322309916554861038",
            "isExempt": 102,
            "isZeroRate": 102,
            "measureUnit": "101",
            "nowTime": "2020-11-19T12:11:12.000Z",
            "pageIndex": 0,
            "pageNo": 0,
            "pageSize": 0,
            "remarks": "1",
            "source": 102,
            "statusCode": 101,
            "stock": 0,
            "stockPrewarning": 10,
            "taxRate": 0.18,
            "timeFormat": "dd/MM/yyyy HH24:mi:ss",
            "unitPrice": 6999.99
        },
        {
            "_id": "5f92aa7fc8a093c26a13300d",
            "goodsCode": "OKX097",
            "__v": 0,
            "commodityCategoryCode": 95141708,
            "commodityCategoryName": "Office kitchen",
            "createDate": 1603404003000,
            "currency": 101,
            "dateFormat": "dd/MM/yyyy",
            "exclusion": 2,
            "goodsName": "Testing again ",
            "haveExciseTax": 102,
            "havePieceUnit": 102,
            "id": "322299098808556721",
            "isExempt": 102,
            "isZeroRate": 102,
            "measureUnit": "101",
            "nowTime": "2020-11-19T12:11:12.000Z",
            "pageIndex": 0,
            "pageNo": 0,
            "pageSize": 0,
            "remarks": "1",
            "source": 102,
            "statusCode": 101,
            "stock": 0,
            "stockPrewarning": 10,
            "taxRate": 0.18,
            "timeFormat": "dd/MM/yyyy HH24:mi:ss",
            "unitPrice": 6999.99
        },
        {
            "_id": "5f92aa7fc8a093c26a13300e",
            "goodsCode": "OKX098",
            "__v": 0,
            "commodityCategoryCode": 95141708,
            "commodityCategoryName": "Office kitchen",
            "createDate": 1603403907000,
            "currency": 101,
            "dateFormat": "dd/MM/yyyy",
            "exclusion": 2,
            "goodsName": "Testing ",
            "haveExciseTax": 102,
            "havePieceUnit": 102,
            "id": "322289502077658621",
            "isExempt": 102,
            "isZeroRate": 102,
            "measureUnit": "101",
            "nowTime": "2020-11-19T12:11:12.000Z",
            "pageIndex": 0,
            "pageNo": 0,
            "pageSize": 0,
            "remarks": "1",
            "source": 102,
            "statusCode": 101,
            "stock": 0,
            "stockPrewarning": 10,
            "taxRate": 0.18,
            "timeFormat": "dd/MM/yyyy HH24:mi:ss",
            "unitPrice": 6999.99
        },
        {
            "_id": "5f92aa7fc8a093c26a13301e",
            "goodsCode": "st008",
            "__v": 0,
            "commodityCategoryCode": 83113006,
            "commodityCategoryName": "Mobile BTS-(Base Transmission Station)",
            "createDate": 1603369380000,
            "currency": 103,
            "dateFormat": "dd/MM/yyyy",
            "exclusion": 2,
            "goodsName": "station",
            "haveExciseTax": 102,
            "havePieceUnit": 102,
            "id": "318835847592689172",
            "isExempt": 102,
            "isZeroRate": 102,
            "measureUnit": "115",
            "nowTime": "2020-11-19T12:11:12.000Z",
            "pageIndex": 0,
            "pageNo": 0,
            "pageSize": 0,
            "remarks": "1",
            "source": 102,
            "statusCode": 101,
            "stock": 0,
            "stockPrewarning": 0,
            "taxRate": 0.18,
            "timeFormat": "dd/MM/yyyy HH24:mi:ss",
            "unitPrice": 40000
        },
        {
            "_id": "5f92aa7fc8a093c26a13301f",
            "goodsCode": "ST5480",
            "__v": 0,
            "commodityCategoryCode": 83121705,
            "commodityCategoryName": "Social media related services",
            "createDate": 1603360023000,
            "currency": 101,
            "dateFormat": "dd/MM/yyyy",
            "exclusion": 2,
            "goodsName": "Software Testing",
            "haveExciseTax": 102,
            "havePieceUnit": 102,
            "id": "317900301075314140",
            "isExempt": 102,
            "isZeroRate": 102,
            "measureUnit": "102",
            "nowTime": "2020-11-19T12:11:12.000Z",
            "pageIndex": 0,
            "pageNo": 0,
            "pageSize": 0,
            "remarks": "We charge per hour",
            "source": 102,
            "statusCode": 101,
            "stock": 0,
            "stockPrewarning": 0,
            "taxRate": 0.18,
            "timeFormat": "dd/MM/yyyy HH24:mi:ss",
            "unitPrice": 7000
        },
        {
            "_id": "5f92aa7fc8a093c26a133028",
            "goodsCode": "AT2346",
            "__v": 0,
            "commodityCategoryCode": 83113002,
            "commodityCategoryName": "Prepaid Airtime",
            "createDate": 1603353600000,
            "currency": 101,
            "dateFormat": "dd/MM/yyyy",
            "exclusion": 2,
            "goodsName": "Mobile Airtime",
            "haveExciseTax": 102,
            "havePieceUnit": 102,
            "id": "317257297545926474",
            "isExempt": 102,
            "isZeroRate": 102,
            "measureUnit": "102",
            "nowTime": "2020-11-19T12:11:12.000Z",
            "pageIndex": 0,
            "pageNo": 0,
            "pageSize": 0,
            "source": 102,
            "statusCode": 101,
            "stock": 0,
            "stockPrewarning": 0,
            "taxRate": 0.18,
            "timeFormat": "dd/MM/yyyy HH24:mi:ss",
            "unitPrice": 1000
        },
        {
            "_id": "5f92aa7fc8a093c26a13302b",
            "goodsCode": "DF1234",
            "__v": 0,
            "commodityCategoryCode": 15101505,
            "commodityCategoryName": "Diesel fuel",
            "createDate": 1603344962000,
            "currency": 101,
            "dateFormat": "dd/MM/yyyy",
            "exclusion": 1,
            "goodsName": "Diesel Fuel",
            "haveExciseTax": 102,
            "havePieceUnit": 102,
            "id": "316393386800598387",
            "isExempt": 102,
            "isZeroRate": 102,
            "measureUnit": "102",
            "nowTime": "2020-11-19T12:11:12.000Z",
            "pageIndex": 0,
            "pageNo": 0,
            "pageSize": 0,
            "source": 102,
            "statusCode": 101,
            "stock": 0,
            "stockPrewarning": 0,
            "taxRate": 0.18,
            "timeFormat": "dd/MM/yyyy HH24:mi:ss",
            "unitPrice": 5000000
        },
        {
            "_id": "5f92aa7fc8a093c26a13303d",
            "goodsCode": "DF1",
            "__v": 0,
            "commodityCategoryCode": 10101502,
            "commodityCategoryName": "Dogs",
            "createDate": 1603282540000,
            "currency": 101,
            "dateFormat": "dd/MM/yyyy",
            "exclusion": 2,
            "goodsName": "Dog Feed",
            "haveExciseTax": 102,
            "havePieceUnit": 102,
            "id": "310152967328170820",
            "isExempt": 101,
            "isZeroRate": 102,
            "measureUnit": "102",
            "nowTime": "2020-11-19T12:11:12.000Z",
            "pageIndex": 0,
            "pageNo": 0,
            "pageSize": 0,
            "source": 102,
            "statusCode": 101,
            "stock": 0,
            "stockPrewarning": 0,
            "taxRate": 0.18,
            "timeFormat": "dd/MM/yyyy HH24:mi:ss",
            "unitPrice": 20000
        },
        {
            "_id": "5f92aa7fc8a093c26a133041",
            "goodsCode": "PI6798",
            "__v": 0,
            "commodityCategoryCode": 81111503,
            "commodityCategoryName": "Systems integration design",
            "createDate": 1603279095000,
            "currency": 101,
            "dateFormat": "dd/MM/yyyy",
            "exclusion": 2,
            "goodsName": "PBS Integration",
            "haveExciseTax": 102,
            "havePieceUnit": 102,
            "id": "309808425306119228",
            "isExempt": 102,
            "isZeroRate": 102,
            "measureUnit": "108",
            "nowTime": "2020-11-19T12:11:12.000Z",
            "pageIndex": 0,
            "pageNo": 0,
            "pageSize": 0,
            "remarks": "1",
            "source": 102,
            "statusCode": 101,
            "stock": 0,
            "stockPrewarning": 0,
            "taxRate": 0.18,
            "timeFormat": "dd/MM/yyyy HH24:mi:ss",
            "unitPrice": 500000
        },
        {
            "_id": "5f92aa7fc8a093c26a133049",
            "goodsCode": "KE5678",
            "__v": 0,
            "commodityCategoryCode": 15101502,
            "commodityCategoryName": "Kerosene",
            "createDate": 1603343643000,
            "currency": 101,
            "dateFormat": "dd/MM/yyyy",
            "exclusion": 1,
            "goodsName": "Kerosene",
            "haveExciseTax": 101,
            "havePieceUnit": 101,
            "id": "316262279887799957",
            "isExempt": 102,
            "isZeroRate": 102,
            "measureUnit": "TG",
            "nowTime": "2020-11-19T12:11:12.000Z",
            "pageIndex": 0,
            "pageNo": 0,
            "pageSize": 0,
            "remarks": "1",
            "source": 102,
            "statusCode": 101,
            "stock": 0,
            "stockPrewarning": 50,
            "taxRate": 0.18,
            "timeFormat": "dd/MM/yyyy HH24:mi:ss",
            "unitPrice": 5000000
        },
        {
            "_id": "5f92aa7fc8a093c26a13304f",
            "goodsCode": "005",
            "__v": 0,
            "commodityCategoryCode": 10111301,
            "commodityCategoryName": "Pet toys",
            "createDate": 1603282765000,
            "currency": 101,
            "dateFormat": "dd/MM/yyyy",
            "exclusion": 2,
            "goodsName": "apple",
            "haveExciseTax": 102,
            "havePieceUnit": 101,
            "id": "310174990640447769",
            "isExempt": 102,
            "isZeroRate": 102,
            "measureUnit": "101",
            "nowTime": "2020-11-19T12:11:12.000Z",
            "pageIndex": 0,
            "pageNo": 0,
            "pageSize": 0,
            "remarks": "1",
            "source": 102,
            "statusCode": 101,
            "stock": 0,
            "stockPrewarning": 10,
            "taxRate": 0.18,
            "timeFormat": "dd/MM/yyyy HH24:mi:ss",
            "unitPrice": 6999.99
        },
        {
            "_id": "5f92aa7fc8a093c26a133063",
            "goodsCode": "EI6798",
            "__v": 0,
            "commodityCategoryCode": 81111503,
            "commodityCategoryName": "Systems integration design",
            "createDate": 1603272677000,
            "currency": 101,
            "dateFormat": "dd/MM/yyyy",
            "exclusion": 2,
            "goodsName": "Efris Integration",
            "haveExciseTax": 102,
            "havePieceUnit": 102,
            "id": "309159871610502133",
            "isExempt": 102,
            "isZeroRate": 102,
            "measureUnit": "108",
            "nowTime": "2020-11-19T12:11:12.000Z",
            "pageIndex": 0,
            "pageNo": 0,
            "pageSize": 0,
            "source": 102,
            "statusCode": 101,
            "stock": 0,
            "taxRate": 0.18,
            "timeFormat": "dd/MM/yyyy HH24:mi:ss",
            "unitPrice": 1500000
        },
        {
            "_id": "5f92aa7fc8a093c26a133069",
            "goodsCode": "ST709",
            "__v": 0,
            "commodityCategoryCode": 51191805,
            "commodityCategoryName": "Potassium citrate",
            "createDate": 1603263666000,
            "currency": 101,
            "dateFormat": "dd/MM/yyyy",
            "exclusion": 1,
            "goodsName": "Salt",
            "haveExciseTax": 102,
            "havePieceUnit": 102,
            "id": "308265255665793651",
            "isExempt": 102,
            "isZeroRate": 101,
            "measureUnit": "102",
            "nowTime": "2020-11-19T12:11:12.000Z",
            "pageIndex": 0,
            "pageNo": 0,
            "pageSize": 0,
            "source": 102,
            "statusCode": 101,
            "stock": 0,
            "stockPrewarning": 0,
            "taxRate": 0.18,
            "timeFormat": "dd/MM/yyyy HH24:mi:ss",
            "unitPrice": 2000
        },
        {
            "_id": "5f92aa7fc8a093c26a133070",
            "goodsCode": "820",
            "__v": 0,
            "commodityCategoryCode": 50161509,
            "commodityCategoryName": "Natural sugars or sweetening products",
            "createDate": 1603262326000,
            "currency": 101,
            "dateFormat": "dd/MM/yyyy",
            "exclusion": 2,
            "goodsName": "sugar",
            "haveExciseTax": 102,
            "havePieceUnit": 101,
            "id": "308131081207053652",
            "isExempt": 102,
            "isZeroRate": 102,
            "measureUnit": "103",
            "nowTime": "2020-11-19T12:11:12.000Z",
            "pageIndex": 0,
            "pageNo": 0,
            "pageSize": 0,
            "remarks": "1",
            "source": 102,
            "statusCode": 101,
            "stock": 0,
            "stockPrewarning": 20,
            "taxRate": 0.18,
            "timeFormat": "dd/MM/yyyy HH24:mi:ss",
            "unitPrice": 2800
        },
        {
            "_id": "5f92cadec8a093c26a175390",
            "goodsCode": "OKX080",
            "__v": 0,
            "commodityCategoryCode": 95141708,
            "commodityCategoryName": "Office kitchen",
            "createDate": 1603455709000,
            "currency": 101,
            "dateFormat": "dd/MM/yyyy",
            "exclusion": 2,
            "goodsName": "Office Kicten construction",
            "haveExciseTax": 102,
            "havePieceUnit": 102,
            "id": "327468701023279789",
            "isExempt": 102,
            "isZeroRate": 102,
            "measureUnit": "101",
            "nowTime": "2020-11-19T12:11:12.000Z",
            "pageIndex": 0,
            "pageNo": 0,
            "pageSize": 0,
            "remarks": "Testing if product sync works",
            "source": 102,
            "statusCode": 101,
            "stock": 0,
            "stockPrewarning": 0,
            "taxRate": 0.18,
            "timeFormat": "dd/MM/yyyy HH24:mi:ss",
            "unitPrice": 250000
        },
        {
            "_id": "5f92cadec8a093c26a1753b5",
            "goodsCode": "ROMT12",
            "__v": 0,
            "commodityCategoryCode": 10101517,
            "commodityCategoryName": "Camels",
            "createDate": 1603452130000,
            "currency": 101,
            "dateFormat": "dd/MM/yyyy",
            "exclusion": 2,
            "goodsName": "REMOTE",
            "haveExciseTax": 102,
            "havePieceUnit": 102,
            "id": "327111041145734982",
            "isExempt": 101,
            "isZeroRate": 102,
            "measureUnit": "102",
            "nowTime": "2020-11-19T12:11:12.000Z",
            "pageIndex": 0,
            "pageNo": 0,
            "pageSize": 0,
            "source": 102,
            "statusCode": 101,
            "stock": 0,
            "stockPrewarning": 0,
            "taxRate": 0.18,
            "timeFormat": "dd/MM/yyyy HH24:mi:ss",
            "unitPrice": 1
        },
        {
            "_id": "5f92cba8c8a093c26a176c2a",
            "goodsCode": "OKX079",
            "__v": 0,
            "commodityCategoryCode": 95141708,
            "commodityCategoryName": "Office kitchen",
            "createDate": 1603455911000,
            "currency": 101,
            "dateFormat": "dd/MM/yyyy",
            "exclusion": 2,
            "goodsName": "Office Kicten construction",
            "haveExciseTax": 102,
            "havePieceUnit": 102,
            "id": "327489654080224055",
            "isExempt": 102,
            "isZeroRate": 102,
            "measureUnit": "101",
            "nowTime": "2020-11-19T12:11:12.000Z",
            "pageIndex": 0,
            "pageNo": 0,
            "pageSize": 0,
            "remarks": "Testing if product sync works",
            "source": 102,
            "statusCode": 101,
            "stock": 0,
            "stockPrewarning": 0,
            "taxRate": 0.18,
            "timeFormat": "dd/MM/yyyy HH24:mi:ss",
            "unitPrice": 250000
        },
        {
            "_id": "5f92d309c8a093c26a189fcd",
            "goodsCode": "OKX078",
            "__v": 0,
            "commodityCategoryCode": 95141708,
            "commodityCategoryName": "Office kitchen",
            "createDate": 1603456035000,
            "currency": 101,
            "dateFormat": "dd/MM/yyyy",
            "exclusion": 2,
            "goodsName": "Office Kicten construction",
            "haveExciseTax": 102,
            "havePieceUnit": 102,
            "id": "327501926388222026",
            "isExempt": 102,
            "isZeroRate": 102,
            "measureUnit": "101",
            "nowTime": "2020-11-19T12:11:12.000Z",
            "pageIndex": 0,
            "pageNo": 0,
            "pageSize": 0,
            "remarks": "Testing if product sync works",
            "source": 102,
            "statusCode": 101,
            "stock": 0,
            "stockPrewarning": 0,
            "taxRate": 0.18,
            "timeFormat": "dd/MM/yyyy HH24:mi:ss",
            "unitPrice": 250000
        },
        {
            "_id": "5f93f28dc8a093c26a3e46f9",
            "goodsCode": "OF209",
            "__v": 0,
            "commodityCategoryCode": 42171921,
            "commodityCategoryName": "Case for medical instrument sets",
            "createDate": 1603531403000,
            "currency": 101,
            "dateFormat": "dd/MM/yyyy",
            "exclusion": 2,
            "goodsName": "office furniture",
            "haveExciseTax": 101,
            "havePieceUnit": 101,
            "id": "335038562475281766",
            "isExempt": 102,
            "isZeroRate": 102,
            "measureUnit": "SET",
            "nowTime": "2020-11-19T12:11:12.000Z",
            "pageIndex": 0,
            "pageNo": 0,
            "pageSize": 0,
            "source": 102,
            "statusCode": 101,
            "stock": 0,
            "stockPrewarning": 8,
            "taxRate": 0.18,
            "timeFormat": "dd/MM/yyyy HH24:mi:ss",
            "unitPrice": 1500000
        },
        {
            "_id": "5f979ff7c8a093c26aafd105",
            "goodsCode": "101",
            "__v": 0,
            "commodityCategoryCode": 10101504,
            "commodityCategoryName": "Mink",
            "createDate": 1603772405000,
            "currency": 101,
            "dateFormat": "dd/MM/yyyy",
            "exclusion": 2,
            "goodsName": "mink",
            "haveExciseTax": 102,
            "havePieceUnit": 102,
            "id": "359138151054227277",
            "isExempt": 101,
            "isZeroRate": 102,
            "measureUnit": "PCE",
            "nowTime": "2020-11-19T12:11:12.000Z",
            "pageIndex": 0,
            "pageNo": 0,
            "pageSize": 0,
            "source": 102,
            "statusCode": 101,
            "stock": 0,
            "stockPrewarning": 0,
            "taxRate": 0.18,
            "timeFormat": "dd/MM/yyyy HH24:mi:ss",
            "unitPrice": 20000.99
        },
        {
            "_id": "5f97bf73c8a093c26ab3c15d",
            "goodsCode": "DK2908",
            "__v": 0,
            "commodityCategoryCode": 10101602,
            "commodityCategoryName": "Live ducks",
            "createDate": 1603780465000,
            "currency": 101,
            "dateFormat": "dd/MM/yyyy",
            "exclusion": 2,
            "goodsName": "Duck",
            "haveExciseTax": 102,
            "havePieceUnit": 102,
            "id": "359943999009829685",
            "isExempt": 101,
            "isZeroRate": 102,
            "measureUnit": "PCE",
            "nowTime": "2020-11-19T12:11:12.000Z",
            "pageIndex": 0,
            "pageNo": 0,
            "pageSize": 0,
            "source": 102,
            "statusCode": 101,
            "stock": 8,
            "stockPrewarning": 0,
            "taxRate": 0.18,
            "timeFormat": "dd/MM/yyyy HH24:mi:ss",
            "unitPrice": 20000
        },
        {
            "_id": "5f97c69fc8a093c26ab48c34",
            "goodsCode": "CHE309",
            "__v": 0,
            "commodityCategoryCode": 10252208,
            "commodityCategoryName": "Live chocolate cymbidium orchid",
            "createDate": 1603782302000,
            "currency": 101,
            "dateFormat": "dd/MM/yyyy",
            "exclusion": 2,
            "goodsName": "Chocolate",
            "haveExciseTax": 102,
            "havePieceUnit": 102,
            "id": "360127728435274482",
            "isExempt": 101,
            "isZeroRate": 102,
            "measureUnit": "LTR",
            "nowTime": "2020-11-19T12:11:12.000Z",
            "pageIndex": 0,
            "pageNo": 0,
            "pageSize": 0,
            "source": 102,
            "statusCode": 101,
            "stock": 0,
            "stockPrewarning": 0,
            "taxRate": 0.18,
            "timeFormat": "dd/MM/yyyy HH24:mi:ss",
            "unitPrice": 5000
        },
        {
            "_id": "5f97cb70c8a093c26ab5145f",
            "goodsCode": "RC103",
            "__v": 0,
            "commodityCategoryCode": 41111817,
            "commodityCategoryName": "Rice taste measuring system",
            "createDate": 1603783535000,
            "currency": 103,
            "dateFormat": "dd/MM/yyyy",
            "exclusion": 2,
            "goodsName": "rice",
            "haveExciseTax": 102,
            "havePieceUnit": 101,
            "id": "360251167750817545",
            "isExempt": 101,
            "isZeroRate": 102,
            "measureUnit": "BG",
            "nowTime": "2020-11-19T12:11:12.000Z",
            "pageIndex": 0,
            "pageNo": 0,
            "pageSize": 0,
            "source": 102,
            "statusCode": 101,
            "stock": 0,
            "stockPrewarning": 10,
            "taxRate": 0.18,
            "timeFormat": "dd/MM/yyyy HH24:mi:ss",
            "unitPrice": 300000
        },
        {
            "_id": "5f97cfcfc8a093c26ab5b018",
            "goodsCode": "SR0978",
            "__v": 0,
            "commodityCategoryCode": 48101530,
            "commodityCategoryName": "Commercial use rice cookers",
            "createDate": 1603784653000,
            "currency": 101,
            "dateFormat": "dd/MM/yyyy",
            "exclusion": 2,
            "goodsName": "Soya Rice",
            "haveExciseTax": 102,
            "havePieceUnit": 102,
            "id": "360363006179576286",
            "isExempt": 102,
            "isZeroRate": 102,
            "measureUnit": "BG",
            "nowTime": "2020-11-19T12:11:12.000Z",
            "pageIndex": 0,
            "pageNo": 0,
            "pageSize": 0,
            "source": 102,
            "statusCode": 101,
            "stock": 0,
            "stockPrewarning": 0,
            "taxRate": 0.18,
            "timeFormat": "dd/MM/yyyy HH24:mi:ss",
            "unitPrice": 350000
        },
        {
            "_id": "5f97d1d1c8a093c26ab5fa55",
            "goodsCode": "CM4509",
            "__v": 0,
            "commodityCategoryCode": 48101530,
            "commodityCategoryName": "Commercial use rice cookers",
            "createDate": 1603785167000,
            "currency": 101,
            "dateFormat": "dd/MM/yyyy",
            "exclusion": 2,
            "goodsName": "chocolate milk",
            "haveExciseTax": 102,
            "havePieceUnit": 101,
            "id": "360414863327212022",
            "isExempt": 102,
            "isZeroRate": 102,
            "measureUnit": "BG",
            "nowTime": "2020-11-19T12:11:12.000Z",
            "pageIndex": 0,
            "pageNo": 0,
            "pageSize": 0,
            "source": 102,
            "statusCode": 101,
            "stock": 34,
            "stockPrewarning": 10,
            "taxRate": 0.18,
            "timeFormat": "dd/MM/yyyy HH24:mi:ss",
            "unitPrice": 300000
        },
        {
            "_id": "5f97ee96c8a093c26ab96ee9",
            "goodsCode": "PRA7089",
            "__v": 0,
            "commodityCategoryCode": 81111508,
            "commodityCategoryName": "Application implementation services",
            "createDate": 1603792533000,
            "currency": 101,
            "dateFormat": "dd/MM/yyyy",
            "exclusion": 2,
            "goodsName": "PORAS",
            "haveExciseTax": 102,
            "havePieceUnit": 102,
            "id": "361150531937014174",
            "isExempt": 102,
            "isZeroRate": 102,
            "measureUnit": "PS",
            "nowTime": "2020-11-19T12:11:12.000Z",
            "pageIndex": 0,
            "pageNo": 0,
            "pageSize": 0,
            "source": 102,
            "statusCode": 101,
            "stock": 6,
            "stockPrewarning": 0,
            "taxRate": 0.18,
            "timeFormat": "dd/MM/yyyy HH24:mi:ss",
            "unitPrice": 500000
        },
        {
            "_id": "5f97fe8cc8a093c26abb3324",
            "goodsCode": "DOL2",
            "__v": 0,
            "commodityCategoryCode": 81111508,
            "commodityCategoryName": "Application implementation services",
            "createDate": 1603796618000,
            "currency": 101,
            "dateFormat": "dd/MM/yyyy",
            "exclusion": 2,
            "goodsName": "DOLLS",
            "haveExciseTax": 102,
            "havePieceUnit": 101,
            "id": "361559138427127984",
            "isExempt": 102,
            "isZeroRate": 102,
            "measureUnit": "BG",
            "nowTime": "2020-11-19T12:11:12.000Z",
            "pageIndex": 0,
            "pageNo": 0,
            "pageSize": 0,
            "source": 102,
            "statusCode": 101,
            "stock": 0,
            "stockPrewarning": 0,
            "taxRate": 0.18,
            "timeFormat": "dd/MM/yyyy HH24:mi:ss",
            "unitPrice": 20000
        },
        {
            "_id": "5f98fa7ec8a093c26ada4221",
            "goodsCode": "CRO0929",
            "__v": 0,
            "commodityCategoryCode": 15121503,
            "commodityCategoryName": "Gear oil",
            "createDate": 1603861116000,
            "currency": 101,
            "dateFormat": "dd/MM/yyyy",
            "exclusion": 2,
            "goodsName": "Crud Oil",
            "haveExciseTax": 102,
            "havePieceUnit": 102,
            "id": "368006113628154489",
            "isExempt": 102,
            "isZeroRate": 102,
            "measureUnit": "TG",
            "nowTime": "2020-11-19T12:11:12.000Z",
            "pageIndex": 0,
            "pageNo": 0,
            "pageSize": 0,
            "source": 102,
            "statusCode": 101,
            "stock": 41,
            "stockPrewarning": 0,
            "taxRate": 0.18,
            "timeFormat": "dd/MM/yyyy HH24:mi:ss",
            "unitPrice": 25000000
        },
        {
            "_id": "5f98fbb7c8a093c26ada65ff",
            "goodsCode": "MI0897",
            "__v": 0,
            "commodityCategoryCode": 42171921,
            "commodityCategoryName": "Case for medical instrument sets",
            "createDate": 1603861430000,
            "currency": 101,
            "dateFormat": "dd/MM/yyyy",
            "exclusion": 2,
            "goodsName": "Medical Instrument",
            "haveExciseTax": 102,
            "havePieceUnit": 102,
            "id": "368038115271447376",
            "isExempt": 102,
            "isZeroRate": 102,
            "measureUnit": "PCE",
            "nowTime": "2020-11-19T12:11:12.000Z",
            "pageIndex": 0,
            "pageNo": 0,
            "pageSize": 0,
            "source": 102,
            "statusCode": 101,
            "stock": 0,
            "stockPrewarning": 0,
            "taxRate": 0.18,
            "timeFormat": "dd/MM/yyyy HH24:mi:ss",
            "unitPrice": 10000
        },
        {
            "_id": "5f994f6ac8a093c26ae46af1",
            "goodsCode": "CO089",
            "__v": 0,
            "commodityCategoryCode": 15121502,
            "commodityCategoryName": "Cutting oil",
            "createDate": 1603882856000,
            "currency": 101,
            "dateFormat": "dd/MM/yyyy",
            "exclusion": 2,
            "goodsName": "Crude Oil",
            "haveExciseTax": 101,
            "havePieceUnit": 102,
            "id": "370182010294199183",
            "isExempt": 102,
            "isZeroRate": 102,
            "measureUnit": "TG",
            "nowTime": "2020-11-19T12:11:12.000Z",
            "pageIndex": 0,
            "pageNo": 0,
            "pageSize": 0,
            "source": 102,
            "statusCode": 101,
            "stock": 0,
            "stockPrewarning": 0,
            "taxRate": 0.18,
            "timeFormat": "dd/MM/yyyy HH24:mi:ss",
            "unitPrice": 50000000
        },
        {
            "_id": "5f9950e0c8a093c26ae4985b",
            "goodsCode": "CA347",
            "__v": 0,
            "commodityCategoryCode": 15121502,
            "commodityCategoryName": "Cutting oil",
            "createDate": 1603883230000,
            "currency": 101,
            "dateFormat": "dd/MM/yyyy",
            "exclusion": 2,
            "goodsName": "Car Oil",
            "haveExciseTax": 101,
            "havePieceUnit": 101,
            "id": "370220346555983665",
            "isExempt": 102,
            "isZeroRate": 102,
            "measureUnit": "TG",
            "nowTime": "2020-11-19T12:11:12.000Z",
            "pageIndex": 0,
            "pageNo": 0,
            "pageSize": 0,
            "source": 102,
            "statusCode": 101,
            "stock": 0,
            "stockPrewarning": 0,
            "taxRate": 0.18,
            "timeFormat": "dd/MM/yyyy HH24:mi:ss",
            "unitPrice": 50000000
        },
        {
            "_id": "5f9bc50cc8a093c26a34e148",
            "goodsCode": "PG001",
            "__v": 0,
            "commodityCategoryCode": 10101513,
            "commodityCategoryName": "Guinea pigs",
            "createDate": 1604044042000,
            "currency": 101,
            "dateFormat": "dd/MM/yyyy",
            "exclusion": 2,
            "goodsName": "Pig",
            "haveExciseTax": 102,
            "havePieceUnit": 102,
            "id": "386301901553977315",
            "isExempt": 101,
            "isZeroRate": 102,
            "measureUnit": "PCE",
            "nowTime": "2020-11-19T12:11:12.000Z",
            "pageIndex": 0,
            "pageNo": 0,
            "pageSize": 0,
            "source": 102,
            "statusCode": 101,
            "stock": 50,
            "stockPrewarning": 0,
            "taxRate": 0.18,
            "timeFormat": "dd/MM/yyyy HH24:mi:ss",
            "unitPrice": 20000
        },
        {
            "_id": "5f9c0da2c8a093c26a3dc93e",
            "goodsCode": "CS001",
            "__v": 0,
            "commodityCategoryCode": 83112304,
            "commodityCategoryName": "Ocx optical carrier service",
            "createDate": 1604062624000,
            "currency": 101,
            "dateFormat": "dd/MM/yyyy",
            "exclusion": 2,
            "goodsName": "Carrier Service",
            "haveExciseTax": 102,
            "havePieceUnit": 101,
            "id": "388159902569027156",
            "isExempt": 102,
            "isZeroRate": 102,
            "measureUnit": "PD",
            "nowTime": "2020-11-19T12:11:12.000Z",
            "pageIndex": 0,
            "pageNo": 0,
            "pageSize": 0,
            "source": 102,
            "statusCode": 101,
            "stock": 0,
            "stockPrewarning": 0,
            "taxRate": 0.18,
            "timeFormat": "dd/MM/yyyy HH24:mi:ss",
            "unitPrice": 100000
        },
        {
            "_id": "5f9fa6ef1ff175782541f09a",
            "goodsCode": "SC8709",
            "__v": 0,
            "commodityCategoryCode": 10161648,
            "commodityCategoryName": "Sugar cane plant",
            "createDate": 1604298478000,
            "currency": 101,
            "dateFormat": "dd/MM/yyyy",
            "exclusion": 2,
            "goodsName": "Sugar Cane",
            "haveExciseTax": 102,
            "havePieceUnit": 101,
            "id": "411744949383362231",
            "isExempt": 101,
            "isZeroRate": 102,
            "measureUnit": "BG",
            "nowTime": "2020-11-19T12:11:12.000Z",
            "pageIndex": 0,
            "pageNo": 0,
            "pageSize": 0,
            "source": 102,
            "statusCode": 101,
            "stock": 46,
            "stockPrewarning": 0,
            "taxRate": 0.18,
            "timeFormat": "dd/MM/yyyy HH24:mi:ss",
            "unitPrice": 1250000
        },
        {
            "_id": "5fa247e91ff1757825b641d9",
            "goodsCode": "AP209",
            "__v": 0,
            "commodityCategoryCode": 10101518,
            "commodityCategoryName": "Alpaca",
            "createDate": 1604470759000,
            "currency": 101,
            "dateFormat": "dd/MM/yyyy",
            "exclusion": 2,
            "goodsName": "Alpaca",
            "haveExciseTax": 102,
            "havePieceUnit": 102,
            "id": "428972708284465854",
            "isExempt": 101,
            "isZeroRate": 102,
            "measureUnit": "PCE",
            "nowTime": "2020-11-19T12:11:12.000Z",
            "pageIndex": 0,
            "pageNo": 0,
            "pageSize": 0,
            "source": 102,
            "statusCode": 101,
            "stock": 73,
            "stockPrewarning": 0,
            "taxRate": 0.18,
            "timeFormat": "dd/MM/yyyy HH24:mi:ss",
            "unitPrice": 50000
        },
        {
            "_id": "5fa25b401ff1757825bae3ab",
            "goodsCode": "AM0389",
            "__v": 0,
            "commodityCategoryCode": 25101703,
            "commodityCategoryName": "Ambulances",
            "createDate": 1604475710000,
            "currency": 101,
            "dateFormat": "dd/MM/yyyy",
            "exclusion": 2,
            "goodsName": "Ambulance",
            "haveExciseTax": 102,
            "havePieceUnit": 102,
            "id": "429467988397621531",
            "isExempt": 102,
            "isZeroRate": 102,
            "measureUnit": "PCE",
            "nowTime": "2020-11-19T12:11:12.000Z",
            "pageIndex": 0,
            "pageNo": 0,
            "pageSize": 0,
            "source": 102,
            "statusCode": 101,
            "stock": 0,
            "stockPrewarning": 0,
            "taxRate": 0.18,
            "timeFormat": "dd/MM/yyyy HH24:mi:ss",
            "unitPrice": 20000000
        },
        {
            "_id": "5fa382681ff1757825f5c06b",
            "goodsCode": "TR0978",
            "__v": 0,
            "commodityCategoryCode": 56141806,
            "commodityCategoryName": "Decorative wooden plate or tray",
            "createDate": 1604551271000,
            "currency": 101,
            "dateFormat": "dd/MM/yyyy",
            "exclusion": 2,
            "goodsName": "Tray",
            "haveExciseTax": 102,
            "havePieceUnit": 101,
            "id": "437022861381535785",
            "isExempt": 102,
            "isZeroRate": 102,
            "measureUnit": "BX",
            "nowTime": "2020-11-19T12:11:12.000Z",
            "pageIndex": 0,
            "pageNo": 0,
            "pageSize": 0,
            "source": 102,
            "statusCode": 101,
            "stock": 0,
            "stockPrewarning": 0,
            "taxRate": 0.18,
            "timeFormat": "dd/MM/yyyy HH24:mi:ss",
            "unitPrice": 30000
        },
        {
            "_id": "5fa388661ff1757825f67667",
            "goodsCode": "WD001",
            "__v": 0,
            "commodityCategoryCode": 56141805,
            "commodityCategoryName": "Wooden vase",
            "createDate": 1604552805000,
            "currency": 101,
            "dateFormat": "dd/MM/yyyy",
            "exclusion": 2,
            "goodsName": "wood",
            "haveExciseTax": 101,
            "havePieceUnit": 101,
            "id": "437177312940026147",
            "isExempt": 102,
            "isZeroRate": 102,
            "measureUnit": "BX",
            "nowTime": "2020-11-19T12:11:12.000Z",
            "pageIndex": 0,
            "pageNo": 0,
            "pageSize": 0,
            "remarks": "1",
            "source": 102,
            "statusCode": 101,
            "stock": 0,
            "stockPrewarning": 10,
            "taxRate": 0.18,
            "timeFormat": "dd/MM/yyyy HH24:mi:ss",
            "unitPrice": 300000
        },
        {
            "_id": "5fa3a59b1ff1757825fdfeac",
            "goodsCode": "RCN0009",
            "__v": 0,
            "commodityCategoryCode": 51171851,
            "commodityCategoryName": "Ricasetron",
            "createDate": 1604560282000,
            "currency": 101,
            "dateFormat": "dd/MM/yyyy",
            "exclusion": 1,
            "goodsName": "Ricasetron",
            "haveExciseTax": 101,
            "havePieceUnit": 101,
            "id": "437925032283695117",
            "isExempt": 102,
            "isZeroRate": 101,
            "measureUnit": "BX",
            "nowTime": "2020-11-19T12:11:12.000Z",
            "pageIndex": 0,
            "pageNo": 0,
            "pageSize": 0,
            "source": 102,
            "statusCode": 101,
            "stock": 58,
            "stockPrewarning": 0,
            "taxRate": 0.18,
            "timeFormat": "dd/MM/yyyy HH24:mi:ss",
            "unitPrice": 300000
        },
        {
            "_id": "5fa3adf01ff1757825ff3576",
            "goodsCode": "OAC0879",
            "__v": 0,
            "commodityCategoryCode": 85501951,
            "commodityCategoryName": "Bypass right subclavian artery to right lower arm artery with synthetic substitute,  open approach",
            "createDate": 1604562414000,
            "currency": 101,
            "dateFormat": "dd/MM/yyyy",
            "exclusion": 2,
            "goodsName": "Open Approach",
            "haveExciseTax": 101,
            "havePieceUnit": 101,
            "id": "438138055286761886",
            "isExempt": 102,
            "isZeroRate": 102,
            "measureUnit": "PD",
            "nowTime": "2020-11-19T12:11:12.000Z",
            "pageIndex": 0,
            "pageNo": 0,
            "pageSize": 0,
            "source": 102,
            "statusCode": 101,
            "stock": 0,
            "stockPrewarning": 0,
            "taxRate": 0.18,
            "timeFormat": "dd/MM/yyyy HH24:mi:ss",
            "unitPrice": 500000
        },
        {
            "_id": "5fab93f41ff17578258a76fb",
            "goodsCode": "BS2078",
            "__v": 0,
            "commodityCategoryCode": 10101903,
            "commodityCategoryName": "Bees",
            "createDate": 1605080050000,
            "currency": 101,
            "dateFormat": "dd/MM/yyyy",
            "exclusion": 2,
            "goodsName": "Bees",
            "haveExciseTax": 102,
            "havePieceUnit": 102,
            "id": "429261954592796158",
            "isExempt": 101,
            "isZeroRate": 102,
            "measureUnit": "PCE",
            "nowTime": "2020-11-19T12:11:12.000Z",
            "pageIndex": 0,
            "pageNo": 0,
            "pageSize": 0,
            "source": 102,
            "statusCode": 101,
            "stock": 48,
            "stockPrewarning": 0,
            "taxRate": 0.18,
            "timeFormat": "dd/MM/yyyy HH24:mi:ss",
            "unitPrice": 10000
        },
        {
            "_id": "5fb60c911ff1757825309b7c",
            "goodsCode": "CG0409",
            "__v": 0,
            "commodityCategoryCode": 50161815,
            "commodityCategoryName": "Chewing gum",
            "createDate": 1605766288000,
            "currency": 101,
            "dateFormat": "dd/MM/yyyy",
            "exclusion": 2,
            "goodsName": "Chewing Gum",
            "haveExciseTax": 101,
            "havePieceUnit": 101,
            "id": "872489841496075926",
            "isExempt": 102,
            "isZeroRate": 102,
            "measureUnit": "BQ",
            "nowTime": "2020-11-19T12:11:12.000Z",
            "pageIndex": 0,
            "pageNo": 0,
            "pageSize": 0,
            "source": 102,
            "statusCode": 101,
            "stock": 0,
            "stockPrewarning": 0,
            "taxRate": 0.18,
            "timeFormat": "dd/MM/yyyy HH24:mi:ss",
            "unitPrice": 5000
        },
        {
            "_id": "5fb60e001ff1757825310312",
            "goodsCode": "SYP0009",
            "__v": 0,
            "commodityCategoryCode": 50161512,
            "commodityCategoryName": "Syrups",
            "createDate": 1605766652000,
            "currency": 101,
            "dateFormat": "dd/MM/yyyy",
            "exclusion": 2,
            "goodsName": "Syrups",
            "haveExciseTax": 102,
            "havePieceUnit": 101,
            "id": "878059734518341026",
            "isExempt": 102,
            "isZeroRate": 102,
            "measureUnit": "BQ",
            "nowTime": "2020-11-19T12:11:12.000Z",
            "pageIndex": 0,
            "pageNo": 0,
            "pageSize": 0,
            "source": 102,
            "statusCode": 101,
            "stock": 0,
            "stockPrewarning": 0,
            "taxRate": 0.18,
            "timeFormat": "dd/MM/yyyy HH24:mi:ss",
            "unitPrice": 5000
        },
        {
            "_id": "5fb660e11ff17578253b356a",
            "goodsCode": "SCD009",
            "__v": 0,
            "commodityCategoryCode": 50161813,
            "commodityCategoryName": "Chocolate or chocolate substitute candy",
            "createDate": 1605787872000,
            "currency": 101,
            "dateFormat": "dd/MM/yyyy",
            "exclusion": 2,
            "goodsName": "Sugar Candy",
            "haveExciseTax": 101,
            "havePieceUnit": 101,
            "id": "109023546215995186",
            "isExempt": 102,
            "isZeroRate": 102,
            "measureUnit": "BG",
            "nowTime": "2020-11-19T12:11:12.000Z",
            "pageIndex": 0,
            "pageNo": 0,
            "pageSize": 0,
            "source": 102,
            "statusCode": 101,
            "stock": 0,
            "stockPrewarning": 0,
            "taxRate": 0.18,
            "timeFormat": "dd/MM/yyyy HH24:mi:ss",
            "unitPrice": 1500000
        }
    ]
}