[
  {
    "name": "CNY",
    "value": "106"
  },
  {
    "name": "EUR",
    "value": "104"
  },
  {
    "name": "GBP",
    "value": "103"
  },
  {
    "name": "JPY",
    "value": "105"
  },
  {
    "name": "KES",
    "value": "108"
  },
  {
    "name": "RWF",
    "value": "109"
  },
  {
    "name": "SSP",
    "value": "111"
  },
  {
    "name": "TZS",
    "value": "110"
  },
  {
    "name": "UGX",
    "value": "101"
  },
  {
    "name": "USD",
    "value": "102"
  },
  {
    "name": "ZAR",
    "value": "107"
  }
]