[
    {
      "name": "Per Shift",
      "value": "216"
    },
    {
      "description": "Used as a measure unit for Cattle",
      "name": "Head",
      "value": "215"
    },
    {
      "description": "Used as a measure unit for animal semen",
      "name": "Straw",
      "value": "214"
    },
    {
      "name": "Billing",
      "value": "213"
    },
    {
      "name": "Ream",
      "value": "212"
    },
    {
      "name": "MWh - Mega Watt Hour",
      "value": "209"
    },
    {
      "name": "Percentage",
      "value": "210"
    },
    {
      "name": "Tot",
      "value": "211"
    },
    {
      "description": "Cycle",
      "name": "Cycle",
      "value": "201"
    },
    {
      "description": "Hours",
      "name": "Hours",
      "value": "207"
    },
    {
      "description": "Cost",
      "name": "Cost",
      "value": "208"
    },
    {
      "description": "Time of use",
      "name": "Time of use",
      "value": "203"
    },
    {
      "description": "KM (Kilometres)",
      "name": "KM - Kilometres",
      "value": "206"
    },
    {
      "description": "Manhours",
      "name": "Manhours",
      "value": "205"
    },
    {
      "description": "Core",
      "name": "Core",
      "value": "204"
    },
    {
      "description": "KWh (Kilo Watt Hour)",
      "name": "KWh -Kilo Watt Hour",
      "value": "202"
    },
    {
      "description": "Per Person",
      "name": "Per person",
      "value": "PS"
    },
    {
      "description": "Per day",
      "name": "Per day",
      "value": "PD"
    },
    {
      "description": "kiloWatt",
      "name": "kW",
      "value": "kW"
    },
    {
      "description": "MegaWatt",
      "name": "MW",
      "value": "MW"
    },
    {
      "description": "Per Trip",
      "name": "Per Trip",
      "value": "PEP"
    },
    {
      "description": "Per Quarter",
      "name": "Per quarter",
      "value": "QTR"
    },
    {
      "description": "KSD-Kilogram of substance 90 % dry",
      "name": "KSD-Kilogram of substance 90 % dry",
      "value": "KSD"
    },
    {
      "description": "KSH-Kilogram of caustic soda",
      "name": "KSH-Kilogram of caustic soda",
      "value": "KSH"
    },
    {
      "description": "KUR-Kilogram of uranium",
      "name": "KUR-Kilogram of uranium",
      "value": "KUR"
    },
    {
      "description": "LBR-Pound gb, us (0,45359237 kg)",
      "name": "LBR-Pound gb, us (0,45359237 kg)",
      "value": "LBR"
    },
    {
      "description": "LBT-Troy pound, us (373,242 g)",
      "name": "LBT-Troy pound, us (373,242 g)",
      "value": "LBT"
    },
    {
      "description": "LEF-Leaf",
      "name": "LEF-Leaf",
      "value": "LEF"
    },
    {
      "description": "LPA-Litre of pure alcohol",
      "name": "LPA-Litre of pure alcohol",
      "value": "LPA"
    },
    {
      "description": "LTN-Long ton gb, us (1,0160469 t)",
      "name": "LTN-Long ton gb, us (1,0160469 t)",
      "value": "LTN"
    },
    {
      "description": "LTR-Litre (1 dm3)",
      "name": "LTR-Litre (1 dm3)",
      "value": "LTR"
    },
    {
      "description": "MAL-Megalitre",
      "name": "MAL-Megalitre",
      "value": "MAL"
    },
    {
      "description": "MAM-Megametre",
      "name": "MAM-Megametre",
      "value": "MAM"
    },
    {
      "description": "MBF-Thousand board feet (2,36 m3)",
      "name": "MBF-Thousand board feet (2,36 m3)",
      "value": "MBF"
    },
    {
      "description": "MGM-Milligram",
      "name": "MGM-Milligram",
      "value": "MGM"
    },
    {
      "description": "MIL-Thousand",
      "name": "MIL-Thousand",
      "value": "MIL"
    },
    {
      "description": "MTK-Square metre",
      "name": "MTK-Square metre",
      "value": "MTK"
    },
    {
      "description": "MTQ-Cubic metre",
      "name": "MTQ-Cubic metre",
      "value": "MTQ"
    },
    {
      "description": "MTR-Metre",
      "name": "MTR-Metre",
      "value": "MTR"
    },
    {
      "description": "NAR-Number of articles",
      "name": "NAR-Number of articles",
      "value": "NAR"
    },
    {
      "description": "NBB-Number of bobbins",
      "name": "NBB-Number of bobbins",
      "value": "NBB"
    },
    {
      "description": "NIU-Number of international units",
      "name": "NIU-Number of international units",
      "value": "NIU"
    },
    {
      "description": "NMB-Number",
      "name": "NMB-Number",
      "value": "NMB"
    },
    {
      "description": "NMP-Number of packs",
      "name": "NMP-Number of packs",
      "value": "NMP"
    },
    {
      "description": "NPL-Number of parcels",
      "name": "NPL-Number of parcels",
      "value": "NPL"
    },
    {
      "description": "NPR-Number of pairs",
      "name": "NPR-Number of pairs",
      "value": "NPR"
    },
    {
      "description": "NPT-Number of parts",
      "name": "NPT-Number of parts",
      "value": "NPT"
    },
    {
      "description": "NRL-Number of rolls",
      "name": "NRL-Number of rolls",
      "value": "NRL"
    },
    {
      "description": "NTT-Net [register] ton",
      "name": "NTT-Net [register] ton",
      "value": "NTT"
    },
    {
      "description": "ONZ-Ounce gb, us (28,349523 g)",
      "name": "ONZ-Ounce gb, us (28,349523 g)",
      "value": "ONZ"
    },
    {
      "description": "OZA-Fluid ounce (29,5735 cm3)",
      "name": "OZA-Fluid ounce (29,5735 cm3)",
      "value": "OZA"
    },
    {
      "description": "OZI-Fluid ounce (28,4l3 cm3)",
      "name": "OZI-Fluid ounce (28,4l3 cm3)",
      "value": "OZI"
    },
    {
      "description": "PCE-Piece",
      "name": "PCE-Piece",
      "value": "PCE"
    },
    {
      "description": "PGL-Proof gallon",
      "name": "PGL-Proof gallon",
      "value": "PGL"
    },
    {
      "description": "PTD-Dry pint (0,55061 dm3)",
      "name": "PTD-Dry pint (0,55061 dm3)",
      "value": "PTD"
    },
    {
      "description": "PTI-Pint (0,568262 dm3)",
      "name": "PTI-Pint (0,568262 dm3)",
      "value": "PTI"
    },
    {
      "description": "PTL-Liquid pint (0,473l76 dm3)",
      "name": "PTL-Liquid pint (0,473l76 dm3)",
      "value": "PTL"
    },
    {
      "description": "QTD-Dry quart (1,101221 dm3)",
      "name": "QTD-Dry quart (1,101221 dm3)",
      "value": "QTD"
    },
    {
      "description": "QTI-Quart (1,136523 dm3)",
      "name": "QTI-Quart (1,136523 dm3)",
      "value": "QTI"
    },
    {
      "description": "QTL-Liquid quart (0,946353 dm3)",
      "name": "QTL-Liquid quart (0,946353 dm3)",
      "value": "QTL"
    },
    {
      "description": "QTR-Quarter, gb (12,700586 kg)",
      "name": "QRT-Quarter_ gb -12.700586 kg",
      "value": "QRT"
    },
    {
      "description": "SET-Set",
      "name": "SET-Set",
      "value": "SET"
    },
    {
      "description": "SHT-Shipping ton",
      "name": "SHT-Shipping ton",
      "value": "SHT"
    },
    {
      "description": "STI-Stone gb (6,350293 kg)",
      "name": "STI-Stone gb (6,350293 kg)",
      "value": "STI"
    },
    {
      "description": "STN-Short ton gb, us (0,90718474 t)",
      "name": "STN-Short ton gb, us (0,90718474 t)",
      "value": "STN"
    },
    {
      "description": "TNE-Metric ton (1000 kg)",
      "name": "TNE-Metric ton (1000 kg)",
      "value": "TNE"
    },
    {
      "description": "TPR-Ten pairs",
      "name": "TPR-Ten pairs",
      "value": "TPR"
    },
    {
      "description": "TSD-Tonne of substance 90 per cent dry",
      "name": "TSD-Tonne of substance 90 per cent dry",
      "value": "TSD"
    },
    {
      "description": "WCD-Cord (3,63 m3)",
      "name": "WCD-Cord  3-63 m3",
      "value": "WCD"
    },
    {
      "description": "YDK-Square yard",
      "name": "YDK-Square yard",
      "value": "YDK"
    },
    {
      "description": "YDQ-Cubic yard",
      "name": "YDQ-Cubic yard",
      "value": "YDQ"
    },
    {
      "description": "YRD-Yard (0,9144 m)",
      "name": "YRD-Yard 0-9144 m",
      "value": "YRD"
    },
    {
      "description": "APZ-Ounce gb, us (31,10348 g)",
      "name": "APZ-Ounce gb, us (31,10348 g)",
      "value": "APZ"
    },
    {
      "description": "ASM-Alcoholic strength by mass",
      "name": "ASM-Alcoholic strength by mass",
      "value": "ASM"
    },
    {
      "description": "ASV-Alcoholic strength by volume",
      "name": "ASV-Alcoholic strength by volume",
      "value": "ASV"
    },
    {
      "description": "BFT-Board foot",
      "name": "BFT-Board foot",
      "value": "BFT"
    },
    {
      "description": "KGM-Kilogram",
      "name": "KGM-Kilogram",
      "value": "KGM"
    },
    {
      "description": "KNI-Kilogram of nitrogen",
      "name": "KNI-Kilogram of nitrogen",
      "value": "KNI"
    },
    {
      "description": "KNS-Kilogram of named substance",
      "name": "KNS-Kilogram of named substance",
      "value": "KNS"
    },
    {
      "description": "KPH-Kilogram of caustic potash",
      "name": "KPH-Kilogram of caustic potash",
      "value": "KPH"
    },
    {
      "description": "KPO-Kilogram of potassium oxide",
      "name": "KPO-Kilogram of potassium oxide",
      "value": "KPO"
    },
    {
      "description": "AGE-YEAR OF MANUFACTURE",
      "name": "AGE-YEAR OF MANUFACTURE",
      "value": "AGE"
    },
    {
      "description": "CCP-ENGINE CAPACITY(c.c)",
      "name": "CCP-ENGINE CAPACITY(c.c)",
      "value": "CCP"
    },
    {
      "description": "BHX-Hundred boxes",
      "name": "BHX-Hundred boxes",
      "value": "BHX"
    },
    {
      "description": "BLD-Dry barrel (115,627 dm3)",
      "name": "BLD-Dry barrel (115,627 dm3)",
      "value": "BLD"
    },
    {
      "description": "BLL-Barrel (petroleum) (158,987 dm3)",
      "name": "BLL-Barrel (petroleum) (158,987 dm3)",
      "value": "BLL"
    },
    {
      "description": "BUA-Bushel (35,2391 dm3)",
      "name": "BUA-Bushel (35,2391 dm3)",
      "value": "BUA"
    },
    {
      "description": "BUI-Bushel (36,36874 dm3)",
      "name": "BUI-Bushel (36,36874 dm3)",
      "value": "BUI"
    },
    {
      "description": "CEN-Hundred",
      "name": "CEN-Hundred",
      "value": "CEN"
    },
    {
      "description": "CGM-Centigram",
      "name": "CGM-Centigram",
      "value": "CGM"
    },
    {
      "description": "CLF-Hundred leaves",
      "name": "CLF-Hundred leaves",
      "value": "CLF"
    },
    {
      "description": "CLT-Centilitre",
      "name": "CLT-Centilitre",
      "value": "CLT"
    },
    {
      "description": "CMK-Square centimetre",
      "name": "CMK-Square centimetre",
      "value": "CMK"
    },
    {
      "description": "CMQ-Cubic centimetre",
      "name": "CMQ-Cubic centimetre",
      "value": "CMQ"
    },
    {
      "description": "CMT-Centimetre",
      "name": "CMT-Centimetre",
      "value": "CMT"
    },
    {
      "description": "CNP-Hundred packs",
      "name": "CNP-Hundred packs",
      "value": "CNP"
    },
    {
      "description": "CNT-Cental gb (45,359237 kg)",
      "name": "CNT-Cental gb (45,359237 kg)",
      "value": "CNT"
    },
    {
      "description": "CTM-Metric carat (200 mg = 2.10-4 kg)",
      "name": "CTM-Metric carat (200 mg = 2.10-4 kg)",
      "value": "CTM"
    },
    {
      "description": "CWA-Hundredweight us (45,3592 kg)",
      "name": "CWA-Hundredweight us (45,3592 kg)",
      "value": "CWA"
    },
    {
      "description": "CWI-Hundredweight gb (50,802345 kg)",
      "name": "CWI-Hundredweight gb (50,802345 kg)",
      "value": "CWI"
    },
    {
      "description": "DLT-Decilitre",
      "name": "DLT-Decilitre",
      "value": "DLT"
    },
    {
      "description": "DMK-Square decimetre",
      "name": "DMK-Square decimetre",
      "value": "DMK"
    },
    {
      "description": "DMQ-Cubic decimetre",
      "name": "DMQ-Cubic decimetre",
      "value": "DMQ"
    },
    {
      "description": "DMT-Decimetre",
      "name": "DMT-Decimetre",
      "value": "DMT"
    },
    {
      "description": "DPC-Dozen pieces",
      "name": "DPC-Dozen pieces",
      "value": "DPC"
    },
    {
      "description": "DPR-Dozen pairs",
      "name": "DPR-Dozen pairs",
      "value": "DPR"
    },
    {
      "description": "DRA-Dram us (3,887935 g)",
      "name": "DRA-Dram us (3,887935 g)",
      "value": "DRA"
    },
    {
      "description": "DRI-Dram gb (l,771745 g)",
      "name": "DRI-Dram gb (l,771745 g)",
      "value": "DRI"
    },
    {
      "description": "DRL-Dozen rolls",
      "name": "DRL-Dozen rolls",
      "value": "DRL"
    },
    {
      "description": "DRM-Drachm gb (3,887935 g)",
      "name": "DRM-Drachm gb (3,887935 g)",
      "value": "DRM"
    },
    {
      "description": "DTH-Hectokilogram",
      "name": "DTH-Hectokilogram",
      "value": "DTH"
    },
    {
      "description": "DTN-Centner, metric (100 kg)",
      "name": "DTN-Centner, metric (100 kg)",
      "value": "DTN"
    },
    {
      "description": "DWT-Pennyweight gb, us (1,555174 g)",
      "name": "DWT-Pennyweight gb, us (1,555174 g)",
      "value": "DWT"
    },
    {
      "description": "DZN-Dozen",
      "name": "DZN-Dozen",
      "value": "DZN"
    },
    {
      "description": "DZP-Dozen packs",
      "name": "DZP-Dozen packs",
      "value": "DZP"
    },
    {
      "description": "FOT-Foot (0,3048 m)",
      "name": "FOT-Foot (0,3048 m)",
      "value": "FOT"
    },
    {
      "description": "FTK-Square foot",
      "name": "FTK-Square foot",
      "value": "FTK"
    },
    {
      "description": "FTQ-Cubic foot",
      "name": "FTQ-Cubic foot",
      "value": "FTQ"
    },
    {
      "description": "GGR-Great gross (12 gross)",
      "name": "GGR-Great gross (12 gross)",
      "value": "GGR"
    },
    {
      "description": "GIA-Gill (11,8294 cm3)",
      "name": "GIA-Gill (11,8294 cm3)",
      "value": "GIA"
    },
    {
      "description": "GII-Gill (0,142065 dm3)",
      "name": "GII-Gill (0,142065 dm3)",
      "value": "GII"
    },
    {
      "description": "GLD-Dry gallon (4,404884 dm3)",
      "name": "GLD-Dry gallon (4,404884 dm3)",
      "value": "GLD"
    },
    {
      "description": "GLI-Gallon (4,546092 dm3)",
      "name": "GLI-Gallon (4,546092 dm3)",
      "value": "GLI"
    },
    {
      "description": "GLL-Liquid gallon (3,7854l dm3)",
      "name": "GLL-Liquid gallon (3,7854l dm3)",
      "value": "GLL"
    },
    {
      "description": "GRM-Gram",
      "name": "GRM-Gram",
      "value": "GRM"
    },
    {
      "description": "GRN-Grain gb, us (64,798910 mg)",
      "name": "GRN-Grain gb, us (64,798910 mg)",
      "value": "GRN"
    },
    {
      "description": "GRO-Gross",
      "name": "GRO-Gross",
      "value": "GRO"
    },
    {
      "description": "GRT-Gross [register] ton",
      "name": "GRT-Gross [register] ton",
      "value": "GRT"
    },
    {
      "description": "HGM-Hectogram",
      "name": "HGM-Hectogram",
      "value": "HGM"
    },
    {
      "description": "HIU-Hundred international units",
      "name": "HIU-Hundred international units",
      "value": "HIU"
    },
    {
      "description": "HLT-Hectolitre",
      "name": "HLT-Hectolitre",
      "value": "HLT"
    },
    {
      "description": "HPA-Hectolitre of pure alcohol",
      "name": "HPA-Hectolitre of pure alcohol",
      "value": "HPA"
    },
    {
      "description": "INH-Inch (25,4 mm)",
      "name": "INH-Inch (25,4 mm)",
      "value": "INH"
    },
    {
      "description": "INK-Square inch",
      "name": "INK-Square inch",
      "value": "INK"
    },
    {
      "description": "INQ-Cubic inch",
      "name": "INQ-Cubic inch",
      "value": "INQ"
    },
    {
      "description": "KPP-Kilogram of phosphoric anhydride",
      "name": "KPP-Kilogram of phosphoric anhydride",
      "value": "KPP"
    },
    {
      "name": "1USD",
      "value": "118"
    },
    {
      "name": "1UGX",
      "value": "117"
    },
    {
      "name": "Per month",
      "value": "115"
    },
    {
      "name": "Per week",
      "value": "114"
    },
    {
      "name": "Per annum",
      "value": "116"
    },
    {
      "name": "Dozen",
      "value": "113"
    },
    {
      "name": "Yard",
      "value": "112"
    },
    {
      "name": "Pair",
      "value": "111"
    },
    {
      "name": "Box",
      "value": "110"
    },
    {
      "description": "Metre (length)",
      "name": "Metre",
      "value": "200"
    },
    {
      "description": "TY-Tank, cylindrical",
      "name": "TY-Tank, cylindrical",
      "value": "TY"
    },
    {
      "description": "TZ-Tubes, in bundle/bunch/truss",
      "name": "TZ-Tubes, in bundle/bunch/truss",
      "value": "TZ"
    },
    {
      "description": "UC-Uncaged",
      "name": "UC-Uncaged",
      "value": "UC"
    },
    {
      "description": "UN-Unit",
      "name": "UN-Unit",
      "value": "UN"
    },
    {
      "description": "VA-Vat",
      "name": "VA-Vat",
      "value": "VA"
    },
    {
      "description": "VEH-Vehicle",
      "name": "VEH-Vehicle",
      "value": "VEH"
    },
    {
      "description": "VG-Bulk",
      "name": "VG-Bulk",
      "value": "VG"
    },
    {
      "description": "VI-Vial",
      "name": "VI-Vial",
      "value": "VI"
    },
    {
      "description": "VK-Vanpack",
      "name": "VK-Vanpack",
      "value": "VK"
    },
    {
      "description": "VL-Bulk, liquid",
      "name": "VL-Bulk, liquid",
      "value": "VL"
    },
    {
      "description": "VN-Vehicle",
      "name": "VN-Vehicle",
      "value": "VN"
    },
    {
      "description": "VO-Bulk,solid,large particles(nodules)",
      "name": "VO-Bulk,solid,large particles(nodules)",
      "value": "VO"
    },
    {
      "description": "VP-Vacuum-packed",
      "name": "VP-Vacuum-packed",
      "value": "VP"
    },
    {
      "description": "VQ-Bulk,liquefied gas(abnormal temp/pr",
      "name": "VQ-Bulk,liquefied gas(abnormal temp/pr",
      "value": "VQ"
    },
    {
      "description": "VR-Bulk, solid, granular particles",
      "name": "VR-Bulk, solid, granular particles",
      "value": "VR"
    },
    {
      "description": "VS-Bulk",
      "name": "VS-Bulk",
      "value": "VS"
    },
    {
      "description": "VY-Bulk, solid, fine particles(powder)",
      "name": "VY-Bulk, solid, fine particles(powder)",
      "value": "VY"
    },
    {
      "description": "WA-Intermediate bulk container",
      "name": "WA-Intermediate bulk container",
      "value": "WA"
    },
    {
      "description": "WB-Wickerbottle",
      "name": "WB-Wickerbottle",
      "value": "WB"
    },
    {
      "description": "WC-Intermediate bulk container,steel",
      "name": "WC-Intermediate bulk container,steel",
      "value": "WC"
    },
    {
      "description": "WD-Intermediate bulk container,alumini",
      "name": "WD-Intermediate bulk container,alumini",
      "value": "WD"
    },
    {
      "description": "WF-Intermediate bulk container,metal",
      "name": "WF-Intermediate bulk container,metal",
      "value": "WF"
    },
    {
      "description": "WG-Intermediate bulk cont,steel,pressu",
      "name": "WG-Intermediate bulk cont,steel,pressu",
      "value": "WG"
    },
    {
      "description": "WH-Inter bulk container,alumin,pressur",
      "name": "WH-Inter bulk container,alumin,pressur",
      "value": "WH"
    },
    {
      "description": "WJ-Inter bulk container,metal,pressure",
      "name": "WJ-Inter bulk container,metal,pressure",
      "value": "WJ"
    },
    {
      "description": "WK-Interme bulk container,steel,liquid",
      "name": "WK-Interme bulk container,steel,liquid",
      "value": "WK"
    },
    {
      "description": "WL-Inter bulk container,alumin liquid",
      "name": "WL-Inter bulk container,alumin liquid",
      "value": "WL"
    },
    {
      "description": "WM-Interm bulk container,metal,liquid",
      "name": "WM-Interm bulk container,metal,liquid",
      "value": "WM"
    },
    {
      "description": "WN-Int bulk cont,woven plastic,no coat",
      "name": "WN-Int bulk cont,woven plastic,no coat",
      "value": "WN"
    },
    {
      "description": "WP-Inter bulk cont,woven plastic,coate",
      "name": "WP-Inter bulk cont,woven plastic,coate",
      "value": "WP"
    },
    {
      "description": "WQ-Inter bulk cont,woven plastic,liner",
      "name": "WQ-Inter bulk cont,woven plastic,liner",
      "value": "WQ"
    },
    {
      "description": "WR-Inter bulk cont,woven plastic,coate",
      "name": "WR-Inter bulk cont,woven plastic,coate",
      "value": "WR"
    },
    {
      "description": "WS-Interm bulk container, plastic film",
      "name": "WS-Interm bulk container, plastic film",
      "value": "WS"
    },
    {
      "description": "WT-Inter bulk cont,textile no coat/lin",
      "name": "WT-Inter bulk cont,textile no coat/lin",
      "value": "WT"
    },
    {
      "description": "WU-Inter bulk cont,natural wood,liner",
      "name": "WU-Inter bulk cont,natural wood,liner",
      "value": "WU"
    },
    {
      "description": "WV-Inter bulk contain, textile, coated",
      "name": "WV-Inter bulk contain, textile, coated",
      "value": "WV"
    },
    {
      "description": "WW-Inter bulk conta,textile,with liner",
      "name": "WW-Inter bulk conta,textile,with liner",
      "value": "WW"
    },
    {
      "description": "WX-Inter bulk cont,textile,coated/line",
      "name": "WX-Inter bulk cont,textile,coated/line",
      "value": "WX"
    },
    {
      "description": "WY-Inter bulk cont,plywood,inner liner",
      "name": "WY-Inter bulk cont,plywood,inner liner",
      "value": "WY"
    },
    {
      "description": "WZ-Interm bulk conta,reconsituted wood",
      "name": "WZ-Interm bulk conta,reconsituted wood",
      "value": "WZ"
    },
    {
      "description": "XA-Bag,woven plastic,without inner coa",
      "name": "XA-Bag,woven plastic,without inner coa",
      "value": "XA"
    },
    {
      "description": "XB-Bag,woven plastic, sift proof",
      "name": "XB-Bag,woven plastic, sift proof",
      "value": "XB"
    },
    {
      "description": "XC-Bag, woven plastic, water resistant",
      "name": "XC-Bag, woven plastic, water resistant",
      "value": "XC"
    },
    {
      "description": "XD-Bag, plastics film",
      "name": "XD-Bag, plastics film",
      "value": "XD"
    },
    {
      "description": "XF-Bag, textile,without inner coat/lin",
      "name": "XF-Bag, textile,without inner coat/lin",
      "value": "XF"
    },
    {
      "description": "XG-Bag, textile, sift proof",
      "name": "XG-Bag, textile, sift proof",
      "value": "XG"
    },
    {
      "description": "XH-Bag, textile, water resistant",
      "name": "XH-Bag, textile, water resistant",
      "value": "XH"
    },
    {
      "description": "XJ-Bag, paper, multi-wall",
      "name": "XJ-Bag, paper, multi-wall",
      "value": "XJ"
    },
    {
      "description": "XK-Bag,paper,multi-wall,water resistan",
      "name": "XK-Bag,paper,multi-wall,water resistan",
      "value": "XK"
    },
    {
      "description": "XX-SCT UN-IDENTIFIED",
      "name": "XX-SCT UN-IDENTIFIED",
      "value": "XX"
    },
    {
      "description": "YA-Composte pack,plast recp steel drum",
      "name": "YA-Composte pack,plast recp steel drum",
      "value": "YA"
    },
    {
      "description": "YB-Composte pack,plast recp steel crat",
      "name": "YB-Composte pack,plast recp steel crat",
      "value": "YB"
    },
    {
      "description": "YC-Composte pack,plast recp alumi drum",
      "name": "YC-Composte pack,plast recp alumi drum",
      "value": "YC"
    },
    {
      "description": "YD-Composte pack,plast recp alum crate",
      "name": "YD-Composte pack,plast recp alum crate",
      "value": "YD"
    },
    {
      "description": "YF-Composte pack,plast recp wooden box",
      "name": "YF-Composte pack,plast recp wooden box",
      "value": "YF"
    },
    {
      "description": "YG-Composte pack,plast recp plywo drum",
      "name": "YG-Composte pack,plast recp plywo drum",
      "value": "YG"
    },
    {
      "description": "YH-Composte pack,plast recp plywo box",
      "name": "YH-Composte pack,plast recp plywo box",
      "value": "YH"
    },
    {
      "description": "YJ-Composte pack,plast recp fibre drum",
      "name": "YJ-Composte pack,plast recp fibre drum",
      "value": "YJ"
    },
    {
      "description": "YK-Composte pack,plast recp fibreb box",
      "name": "YK-Composte pack,plast recp fibreb box",
      "value": "YK"
    },
    {
      "description": "YL-Composte pack,plast recp plast drum",
      "name": "YL-Composte pack,plast recp plast drum",
      "value": "YL"
    },
    {
      "description": "YM-Composte pack,plast recp plastc box",
      "name": "YM-Composte pack,plast recp plastc box",
      "value": "YM"
    },
    {
      "description": "YN-Composte pack,glass recp steel drum",
      "name": "YN-Composte pack,glass recp steel drum",
      "value": "YN"
    },
    {
      "description": "ZY-Intermediate bulk container",
      "name": "ZY-Intermediate bulk container",
      "value": "ZY"
    },
    {
      "description": "ZZ-Mutually defined",
      "name": "ZZ-Mutually defined",
      "value": "ZZ"
    },
    {
      "description": "YP-Composte pack,glass recp steel crat",
      "name": "YP-Composte pack,glass recp steel crat",
      "value": "YP"
    },
    {
      "description": "YQ-Composte pack,glass recp alumi drum",
      "name": "YQ-Composte pack,glass recp alumi drum",
      "value": "YQ"
    },
    {
      "description": "YR-Composte pack,glass recp alum crate",
      "name": "YR-Composte pack,glass recp alum crate",
      "value": "YR"
    },
    {
      "description": "YS-Composte pack,glass recp wooden box",
      "name": "YS-Composte pack,glass recp wooden box",
      "value": "YS"
    },
    {
      "description": "YT-Composte pack,glass recp plywo drum",
      "name": "YT-Composte pack,glass recp plywo drum",
      "value": "YT"
    },
    {
      "description": "YV-Composte pack,glass recp wicker ham",
      "name": "YV-Composte pack,glass recp wicker ham",
      "value": "YV"
    },
    {
      "description": "YW-Composte pack,glass recp fibre drum",
      "name": "YW-Composte pack,glass recp fibre drum",
      "value": "YW"
    },
    {
      "description": "YX-Composte pack,glass recp fibreb box",
      "name": "YX-Composte pack,glass recp fibreb box",
      "value": "YX"
    },
    {
      "description": "YY-Composte pack,glas rec ex plas pack",
      "name": "YY-Composte pack,glas rec ex plas pack",
      "value": "YY"
    },
    {
      "description": "YZ-Composte pack,glas rec so plas pack",
      "name": "YZ-Composte pack,glas rec so plas pack",
      "value": "YZ"
    },
    {
      "description": "ZA-Interm bulk cont, paper, multi-wall",
      "name": "ZA-Interm bulk cont, paper, multi-wall",
      "value": "ZA"
    },
    {
      "description": "ZB-Bag, large",
      "name": "ZB-Bag, large",
      "value": "ZB"
    },
    {
      "description": "ZC-Inter bulk cont,paper,water resista",
      "name": "ZC-Inter bulk cont,paper,water resista",
      "value": "ZC"
    },
    {
      "description": "ZD-Int.bulk.cont,plast,struc equip sol",
      "name": "ZD-Int.bulk.cont,plast,struc equip sol",
      "value": "ZD"
    },
    {
      "description": "ZF-Int.bulk.cont,plast,free standing",
      "name": "ZF-Int.bulk.cont,plast,free standing",
      "value": "ZF"
    },
    {
      "description": "ZG-Int.bulk.cont,plast,struc equp pres",
      "name": "ZG-Int.bulk.cont,plast,struc equp pres",
      "value": "ZG"
    },
    {
      "description": "ZH-Int.bulk.cont,plast,freestand,press",
      "name": "ZH-Int.bulk.cont,plast,freestand,press",
      "value": "ZH"
    },
    {
      "description": "ZJ-Int.bulk.cont,plast,struc equip liq",
      "name": "ZJ-Int.bulk.cont,plast,struc equip liq",
      "value": "ZJ"
    },
    {
      "description": "ZK-Int.bulk.cont,plast,freestand,liqui",
      "name": "ZK-Int.bulk.cont,plast,freestand,liqui",
      "value": "ZK"
    },
    {
      "description": "ZL-Int.bulk.cont,comp,rigid plast,soli",
      "name": "ZL-Int.bulk.cont,comp,rigid plast,soli",
      "value": "ZL"
    },
    {
      "description": "ZM-Int.bulk.cont,comp,flexi plast,soli",
      "name": "ZM-Int.bulk.cont,comp,flexi plast,soli",
      "value": "ZM"
    },
    {
      "description": "ZN-Int.bulk.cont,comp,rigid plast,pres",
      "name": "ZN-Int.bulk.cont,comp,rigid plast,pres",
      "value": "ZN"
    },
    {
      "description": "ZP-Int.bulk.cont,comp,flex plast,press",
      "name": "ZP-Int.bulk.cont,comp,flex plast,press",
      "value": "ZP"
    },
    {
      "description": "ZQ-Int.bulk.cont,comp,rigid plast,liqu",
      "name": "ZQ-Int.bulk.cont,comp,rigid plast,liqu",
      "value": "ZQ"
    },
    {
      "description": "ZR-Int.bulk.cont,comp,flex plast,liqui",
      "name": "ZR-Int.bulk.cont,comp,flex plast,liqui",
      "value": "ZR"
    },
    {
      "description": "ZS-Intermediate bulk container",
      "name": "ZS-Intermediate bulk container",
      "value": "ZS"
    },
    {
      "description": "ZT-Intermediate bulk container",
      "name": "ZT-Intermediate bulk container",
      "value": "ZT"
    },
    {
      "description": "ZU-Intermediate bulk container",
      "name": "ZU-Intermediate bulk container",
      "value": "ZU"
    },
    {
      "description": "ZV-Intermediate bulk container",
      "name": "ZV-Intermediate bulk container",
      "value": "ZV"
    },
    {
      "description": "ZW-Intermediate bulk container",
      "name": "ZW-Intermediate bulk container",
      "value": "ZW"
    },
    {
      "description": "ZX-Intermediate bulk container",
      "name": "ZX-Intermediate bulk container",
      "value": "ZX"
    },
    {
      "description": "AA-Intermediate bulk container",
      "name": "AA-Intermediate bulk container",
      "value": "AA"
    },
    {
      "description": "AB-Receptacle",
      "name": "AB-Receptacle",
      "value": "AB"
    },
    {
      "description": "AC-Receptacle",
      "name": "AC-Receptacle",
      "value": "AC"
    },
    {
      "description": "AD-Receptacle",
      "name": "AD-Receptacle",
      "value": "AD"
    },
    {
      "description": "AE-Aerosol",
      "name": "AE-Aerosol",
      "value": "AE"
    },
    {
      "description": "AF-Pallet",
      "name": "AF-Pallet",
      "value": "AF"
    },
    {
      "description": "AG-Pallet",
      "name": "AG-Pallet",
      "value": "AG"
    },
    {
      "description": "AH-Pallet",
      "name": "AH-Pallet",
      "value": "AH"
    },
    {
      "description": "AI-Clamshell",
      "name": "AI-Clamshell",
      "value": "AI"
    },
    {
      "description": "AJ-Cone",
      "name": "AJ-Cone",
      "value": "AJ"
    },
    {
      "description": "AL-Ball",
      "name": "AL-Ball",
      "value": "AL"
    },
    {
      "description": "AM-Ampoule, non protected",
      "name": "AM-Ampoule, non protected",
      "value": "AM"
    },
    {
      "description": "AP-Ampoule, protected",
      "name": "AP-Ampoule, protected",
      "value": "AP"
    },
    {
      "description": "AT-Atomizer",
      "name": "AT-Atomizer",
      "value": "AT"
    },
    {
      "description": "AV-Capsule",
      "name": "AV-Capsule",
      "value": "AV"
    },
    {
      "description": "BA-Barrel",
      "name": "BA-Barrel",
      "value": "BA"
    },
    {
      "description": "BB-Bobbin",
      "name": "BB-Bobbin",
      "value": "BB"
    },
    {
      "description": "BC-Bottle crate / bottle rack",
      "name": "BC-Bottle crate / bottle rack",
      "value": "BC"
    },
    {
      "description": "BD-Board",
      "name": "BD-Board",
      "value": "BD"
    },
    {
      "description": "BE-Bundle",
      "name": "BE-Bundle",
      "value": "BE"
    },
    {
      "description": "BF-Ballon, non-protected",
      "name": "BF-Ballon, non-protected",
      "value": "BF"
    },
    {
      "description": "BG-Bag",
      "name": "BG-Bag",
      "value": "BG"
    },
    {
      "description": "BH-Bunch",
      "name": "BH-Bunch",
      "value": "BH"
    },
    {
      "description": "BI-Bin",
      "name": "BI-Bin",
      "value": "BI"
    },
    {
      "description": "BJ-Bucket",
      "name": "BJ-Bucket",
      "value": "BJ"
    },
    {
      "description": "BK-Basket",
      "name": "BK-Basket",
      "value": "BK"
    },
    {
      "description": "BL-Bale, compressed",
      "name": "BL-Bale, compressed",
      "value": "BL"
    },
    {
      "description": "BM-Basin 5",
      "name": "BM-Basin 5",
      "value": "BM"
    },
    {
      "description": "BN-Bale, non compressed",
      "name": "BN-Bale, non compressed",
      "value": "BN"
    },
    {
      "description": "BO-Bottle, non protected, cylindrical",
      "name": "BO-Bottle, non protected, cylindrical",
      "value": "BO"
    },
    {
      "description": "BP-Ballon, protected",
      "name": "BP-Ballon, protected",
      "value": "BP"
    },
    {
      "description": "BQ-Bottle, protected cylindrical",
      "name": "BQ-Bottle, protected cylindrical",
      "value": "BQ"
    },
    {
      "description": "BR-Bar",
      "name": "BR-Bar",
      "value": "BR"
    },
    {
      "description": "BS-Bottle, non protected, bulbous",
      "name": "BS-Bottle, non protected, bulbous",
      "value": "BS"
    },
    {
      "description": "BT-Bolt",
      "name": "BT-Bolt",
      "value": "BT"
    },
    {
      "description": "BU-Butt",
      "name": "BU-Butt",
      "value": "BU"
    },
    {
      "description": "BV-Bottle, protected bulbous",
      "name": "BV-Bottle, protected bulbous",
      "value": "BV"
    },
    {
      "description": "BW-Box, for liquids",
      "name": "BW-Box, for liquids",
      "value": "BW"
    },
    {
      "description": "BX-Box 21 to",
      "name": "BX-Box 21 to",
      "value": "BX"
    },
    {
      "description": "BY-Board, in bundle/bunch/truss",
      "name": "BY-Board, in bundle/bunch/truss",
      "value": "BY"
    },
    {
      "description": "BZ-Bars, in bundle/bunch/truss",
      "name": "BZ-Bars, in bundle/bunch/truss",
      "value": "BZ"
    },
    {
      "description": "CA-Can, rectangular",
      "name": "CA-Can, rectangular",
      "value": "CA"
    },
    {
      "description": "CB-Crate, beer",
      "name": "CB-Crate, beer",
      "value": "CB"
    },
    {
      "description": "CC-Churn",
      "name": "CC-Churn",
      "value": "CC"
    },
    {
      "description": "CD-Can, with handle and spout",
      "name": "CD-Can, with handle and spout",
      "value": "CD"
    },
    {
      "description": "CE-Creel",
      "name": "CE-Creel",
      "value": "CE"
    },
    {
      "description": "CF-Coffer",
      "name": "CF-Coffer",
      "value": "CF"
    },
    {
      "description": "CG-Cage",
      "name": "CG-Cage",
      "value": "CG"
    },
    {
      "description": "CH-Chest",
      "name": "CH-Chest",
      "value": "CH"
    },
    {
      "description": "CI-Canister",
      "name": "CI-Canister",
      "value": "CI"
    },
    {
      "description": "CJ-Coffin",
      "name": "CJ-Coffin",
      "value": "CJ"
    },
    {
      "description": "CK-Cask",
      "name": "CK-Cask",
      "value": "CK"
    },
    {
      "description": "CL-Coil",
      "name": "CL-Coil",
      "value": "CL"
    },
    {
      "description": "CM-Card",
      "name": "CM-Card",
      "value": "CM"
    },
    {
      "description": "CN-Container,nes as transport equipmen",
      "name": "CN-Container,nes as transport equipmen",
      "value": "CN"
    },
    {
      "description": "CO-Carboy, non-protected",
      "name": "CO-Carboy, non-protected",
      "value": "CO"
    },
    {
      "description": "CP-Carboy, protected",
      "name": "CP-Carboy, protected",
      "value": "CP"
    },
    {
      "description": "CQ-Cartridge",
      "name": "CQ-Cartridge",
      "value": "CQ"
    },
    {
      "description": "CR-Crate",
      "name": "CR-Crate",
      "value": "CR"
    },
    {
      "description": "CS-Case",
      "name": "CS-Case",
      "value": "CS"
    },
    {
      "description": "CT-Carton",
      "name": "CT-Carton",
      "value": "CT"
    },
    {
      "description": "CU-Cup",
      "name": "CU-Cup",
      "value": "CU"
    },
    {
      "description": "CV-Cover",
      "name": "CV-Cover",
      "value": "CV"
    },
    {
      "description": "CW-Cage, roll",
      "name": "CW-Cage, roll",
      "value": "CW"
    },
    {
      "description": "CX-Can, cylindrical",
      "name": "CX-Can, cylindrical",
      "value": "CX"
    },
    {
      "description": "CY-Cylinder",
      "name": "CY-Cylinder",
      "value": "CY"
    },
    {
      "description": "CZ-Canvas",
      "name": "CZ-Canvas",
      "value": "CZ"
    },
    {
      "description": "DA-Crate, multiple layer, plastic",
      "name": "DA-Crate, multiple layer, plastic",
      "value": "DA"
    },
    {
      "description": "DB-Crate, multiple layer, wooden",
      "name": "DB-Crate, multiple layer, wooden",
      "value": "DB"
    },
    {
      "description": "DC-Crate",
      "name": "DC-Crate",
      "value": "DC"
    },
    {
      "description": "DG-Cage,commonwealth handlg equip pool",
      "name": "DG-Cage,commonwealth handlg equip pool",
      "value": "DG"
    },
    {
      "description": "DH-Box,commonwealth handlig equip pool",
      "name": "DH-Box,commonwealth handlig equip pool",
      "value": "DH"
    },
    {
      "description": "DI-Drum, iron",
      "name": "DI-Drum, iron",
      "value": "DI"
    },
    {
      "description": "DJ-Demijohn, non-protected",
      "name": "DJ-Demijohn, non-protected",
      "value": "DJ"
    },
    {
      "description": "DK-Crate, bulk, cardboard",
      "name": "DK-Crate, bulk, cardboard",
      "value": "DK"
    },
    {
      "description": "DL-Crate, bulk, plastic",
      "name": "DL-Crate, bulk, plastic",
      "value": "DL"
    },
    {
      "description": "DM-Crate, bulk, wooden",
      "name": "DM-Crate, bulk, wooden",
      "value": "DM"
    },
    {
      "description": "DN-Dispenser",
      "name": "DN-Dispenser",
      "value": "DN"
    },
    {
      "description": "DP-Demijohn, protected",
      "name": "DP-Demijohn, protected",
      "value": "DP"
    },
    {
      "description": "DR-Drum",
      "name": "DR-Drum",
      "value": "DR"
    },
    {
      "description": "DS-Tray, one layer no cover,plastic",
      "name": "DS-Tray, one layer no cover,plastic",
      "value": "DS"
    },
    {
      "description": "DT-Tray, one layer no cover, wooden",
      "name": "DT-Tray, one layer no cover, wooden",
      "value": "DT"
    },
    {
      "description": "DU-Tray, one layer no cover,polystyren",
      "name": "DU-Tray, one layer no cover,polystyren",
      "value": "DU"
    },
    {
      "description": "DV-Tray, one layer no cover, cardboard",
      "name": "DV-Tray, one layer no cover, cardboard",
      "value": "DV"
    },
    {
      "description": "DW-Tray,two layers no cover,platic tra",
      "name": "DW-Tray,two layers no cover,platic tra",
      "value": "DW"
    },
    {
      "description": "DX-Tray, two layers no cover, wooden",
      "name": "DX-Tray, two layers no cover, wooden",
      "value": "DX"
    },
    {
      "description": "DY-Tray, two layers no cover,cardboard",
      "name": "DY-Tray, two layers no cover,cardboard",
      "value": "DY"
    },
    {
      "description": "EC-Bag, plastic",
      "name": "EC-Bag, plastic",
      "value": "EC"
    },
    {
      "description": "ED-Case, with pallet base",
      "name": "ED-Case, with pallet base",
      "value": "ED"
    },
    {
      "description": "EE-Case, with pallet base, wooden",
      "name": "EE-Case, with pallet base, wooden",
      "value": "EE"
    },
    {
      "description": "EF-Case, with pallet base, cardboard",
      "name": "EF-Case, with pallet base, cardboard",
      "value": "EF"
    },
    {
      "description": "EG-Case, with pallet base, plastic",
      "name": "EG-Case, with pallet base, plastic",
      "value": "EG"
    },
    {
      "description": "EH-Case, with pallet base, metal",
      "name": "EH-Case, with pallet base, metal",
      "value": "EH"
    },
    {
      "description": "EI-Case, isothermic",
      "name": "EI-Case, isothermic",
      "value": "EI"
    },
    {
      "description": "EN-Envelope",
      "name": "EN-Envelope",
      "value": "EN"
    },
    {
      "description": "FB-Flexibag",
      "name": "FB-Flexibag",
      "value": "FB"
    },
    {
      "description": "FC-Crate, friut",
      "name": "FC-Crate, friut",
      "value": "FC"
    },
    {
      "description": "FD-Crate, framed",
      "name": "FD-Crate, framed",
      "value": "FD"
    },
    {
      "description": "FE-Flexitank",
      "name": "FE-Flexitank",
      "value": "FE"
    },
    {
      "description": "FI-Firkin",
      "name": "FI-Firkin",
      "value": "FI"
    },
    {
      "description": "FL-Flask",
      "name": "FL-Flask",
      "value": "FL"
    },
    {
      "description": "FO-Footlocker",
      "name": "FO-Footlocker",
      "value": "FO"
    },
    {
      "description": "FP-Filmpack",
      "name": "FP-Filmpack",
      "value": "FP"
    },
    {
      "description": "FR-Frame",
      "name": "FR-Frame",
      "value": "FR"
    },
    {
      "description": "FT-Foodtainer",
      "name": "FT-Foodtainer",
      "value": "FT"
    },
    {
      "description": "FW-Cart",
      "name": "FW-Cart",
      "value": "FW"
    },
    {
      "description": "FX-Bag",
      "name": "FX-Bag",
      "value": "FX"
    },
    {
      "description": "GB-Bottle, gas",
      "name": "GB-Bottle, gas",
      "value": "GB"
    },
    {
      "description": "GI-Girder",
      "name": "GI-Girder",
      "value": "GI"
    },
    {
      "description": "GL-Container",
      "name": "GL-Container",
      "value": "GL"
    },
    {
      "description": "GR-Receptable, glass",
      "name": "GR-Receptable, glass",
      "value": "GR"
    },
    {
      "description": "GU-Tray",
      "name": "GU-Tray",
      "value": "GU"
    },
    {
      "description": "GY-Bag",
      "name": "GY-Bag",
      "value": "GY"
    },
    {
      "description": "GZ-Girders, in bundle/bunch/truss",
      "name": "GZ-Girders, in bundle/bunch/truss",
      "value": "GZ"
    },
    {
      "description": "HA-Basket, with handle, plastic",
      "name": "HA-Basket, with handle, plastic",
      "value": "HA"
    },
    {
      "description": "HB-Basket, with handle, wooden",
      "name": "HB-Basket, with handle, wooden",
      "value": "HB"
    },
    {
      "description": "HC-Basket, with handle, cardboard",
      "name": "HC-Basket, with handle, cardboard",
      "value": "HC"
    },
    {
      "description": "HG-Hogshead",
      "name": "HG-Hogshead",
      "value": "HG"
    },
    {
      "description": "HN-Hanger",
      "name": "HN-Hanger",
      "value": "HN"
    },
    {
      "description": "HR-Hamper",
      "name": "HR-Hamper",
      "value": "HR"
    },
    {
      "description": "IA-Package, display, wooden",
      "name": "IA-Package, display, wooden",
      "value": "IA"
    },
    {
      "description": "IB-Package, display, cardboard",
      "name": "IB-Package, display, cardboard",
      "value": "IB"
    },
    {
      "description": "IC-Package, display, plastic",
      "name": "IC-Package, display, plastic",
      "value": "IC"
    },
    {
      "description": "ID-Package, display, metal",
      "name": "ID-Package, display, metal",
      "value": "ID"
    },
    {
      "description": "IE-Package, show",
      "name": "IE-Package, show",
      "value": "IE"
    },
    {
      "description": "IF-Package, flow",
      "name": "IF-Package, flow",
      "value": "IF"
    },
    {
      "description": "IG-Package, paper wrapped",
      "name": "IG-Package, paper wrapped",
      "value": "IG"
    },
    {
      "description": "IH-Drum, plastic",
      "name": "IH-Drum, plastic",
      "value": "IH"
    },
    {
      "description": "IK-Package",
      "name": "IK-Package",
      "value": "IK"
    },
    {
      "description": "IL-Tray",
      "name": "IL-Tray",
      "value": "IL"
    },
    {
      "description": "IN-Ingot",
      "name": "IN-Ingot",
      "value": "IN"
    },
    {
      "description": "IZ-Ingots, in bundle/bunch/truss",
      "name": "IZ-Ingots, in bundle/bunch/truss",
      "value": "IZ"
    },
    {
      "description": "JB-Bag",
      "name": "JB-Bag",
      "value": "JB"
    },
    {
      "description": "JC-Jerrican, rectangular",
      "name": "JC-Jerrican, rectangular",
      "value": "JC"
    },
    {
      "description": "JG-Jug",
      "name": "JG-Jug",
      "value": "JG"
    },
    {
      "description": "JR-Jar",
      "name": "JR-Jar",
      "value": "JR"
    },
    {
      "description": "JT-Jute bag",
      "name": "JT-Jute bag",
      "value": "JT"
    },
    {
      "description": "JY-Jerrican, cylindrical",
      "name": "JY-Jerrican, cylindrical",
      "value": "JY"
    },
    {
      "description": "KG-Keg",
      "name": "KG-Keg",
      "value": "KG"
    },
    {
      "description": "KI-Kit",
      "name": "KI-Kit",
      "value": "KI"
    },
    {
      "description": "LE-Luggage",
      "name": "LE-Luggage",
      "value": "LE"
    },
    {
      "description": "LG-Log",
      "name": "LG-Log",
      "value": "LG"
    },
    {
      "description": "LT-Lot",
      "name": "LT-Lot",
      "value": "LT"
    },
    {
      "description": "LU-Lug",
      "name": "LU-Lug",
      "value": "LU"
    },
    {
      "description": "LV-Liftvan",
      "name": "LV-Liftvan",
      "value": "LV"
    },
    {
      "description": "LZ-Logs, in bundle/bunch/truss",
      "name": "LZ-Logs, in bundle/bunch/truss",
      "value": "LZ"
    },
    {
      "description": "MA-Crate",
      "name": "MA-Crate",
      "value": "MA"
    },
    {
      "description": "MB-Bag, multiply",
      "name": "MB-Bag, multiply",
      "value": "MB"
    },
    {
      "description": "MC-Crate, milk",
      "name": "MC-Crate, milk",
      "value": "MC"
    },
    {
      "description": "ME-Container",
      "name": "ME-Container",
      "value": "ME"
    },
    {
      "description": "MR-Receptable, metal",
      "name": "MR-Receptable, metal",
      "value": "MR"
    },
    {
      "description": "MS-Sack, multi-wall",
      "name": "MS-Sack, multi-wall",
      "value": "MS"
    },
    {
      "description": "MT-Mat",
      "name": "MT-Mat",
      "value": "MT"
    },
    {
      "description": "MW-Receptable, plastic wrapped",
      "name": "MW-Receptable, plastic wrapped",
      "value": "MW"
    },
    {
      "description": "MX-Matchbox",
      "name": "MX-Matchbox",
      "value": "MX"
    },
    {
      "description": "NA-Not available",
      "name": "NA-Not available",
      "value": "NA"
    },
    {
      "description": "NE-Unpacked or unpackaged",
      "name": "NE-Unpacked or unpackaged",
      "value": "NE"
    },
    {
      "description": "NF-Unpacked or unpackaged",
      "name": "NF-Unpacked or unpackaged",
      "value": "NF"
    },
    {
      "description": "NG-Unpacked or unpackaged",
      "name": "NG-Unpacked or unpackaged",
      "value": "NG"
    },
    {
      "description": "NS-Nest",
      "name": "NS-Nest",
      "value": "NS"
    },
    {
      "description": "NT-Net",
      "name": "NT-Net",
      "value": "NT"
    },
    {
      "description": "NU-Net, tube, plastic",
      "name": "NU-Net, tube, plastic",
      "value": "NU"
    },
    {
      "description": "NV-Net, tube, textile",
      "name": "NV-Net, tube, textile",
      "value": "NV"
    },
    {
      "description": "OA-Pallet",
      "name": "OA-Pallet",
      "value": "OA"
    },
    {
      "description": "OB-Pallet",
      "name": "OB-Pallet",
      "value": "OB"
    },
    {
      "description": "OC-Pallet",
      "name": "OC-Pallet",
      "value": "OC"
    },
    {
      "description": "OD-Pallet",
      "name": "OD-Pallet",
      "value": "OD"
    },
    {
      "description": "OE-Pallet",
      "name": "OE-Pallet",
      "value": "OE"
    },
    {
      "description": "OF-Platform",
      "name": "OF-Platform",
      "value": "OF"
    },
    {
      "description": "OK-Block",
      "name": "OK-Block",
      "value": "OK"
    },
    {
      "description": "OT-Octabin",
      "name": "OT-Octabin",
      "value": "OT"
    },
    {
      "description": "OU-Container",
      "name": "OU-Container",
      "value": "OU"
    },
    {
      "description": "P2-Pan",
      "name": "P2-Pan",
      "value": "P2"
    },
    {
      "description": "PA-Packet",
      "name": "PA-Packet",
      "value": "PA"
    },
    {
      "description": "PB-Pallet, box",
      "name": "PB-Pallet, box",
      "value": "PB"
    },
    {
      "description": "PC-Parcel",
      "name": "PC-Parcel",
      "value": "PC"
    },
    {
      "description": "PD-Pallet, modular,collars 80cm*100cms",
      "name": "PLT - Pallet_ modular_ collars 80cm x 100cms",
      "value": "PLT"
    },
    {
      "description": "PE-Pallet, modular,collars 80cm*120cms",
      "name": "PE-Pallet, modular,collars 80cm*120cms",
      "value": "PE"
    },
    {
      "description": "PF-Pen",
      "name": "PF-Pen",
      "value": "PF"
    },
    {
      "description": "PG-Plate",
      "name": "PG-Plate",
      "value": "PG"
    },
    {
      "description": "PH-Pitcher",
      "name": "PH-Pitcher",
      "value": "PH"
    },
    {
      "description": "PI-Pipe",
      "name": "PI-Pipe",
      "value": "PI"
    },
    {
      "description": "PJ-Punnet",
      "name": "PJ-Punnet",
      "value": "PJ"
    },
    {
      "description": "PK-Package",
      "name": "PK-Package",
      "value": "PK"
    },
    {
      "description": "PL-Pail",
      "name": "PL-Pail",
      "value": "PL"
    },
    {
      "description": "PN-Plank",
      "name": "PN-Plank",
      "value": "PN"
    },
    {
      "description": "PO-Pouch",
      "name": "PO-Pouch",
      "value": "PO"
    },
    {
      "description": "PP-Piece",
      "name": "PP-Piece",
      "value": "PP"
    },
    {
      "description": "PR-Receptable, plastic",
      "name": "PR-Receptable, plastic",
      "value": "PR"
    },
    {
      "description": "PT-Pot",
      "name": "PT-Pot",
      "value": "PT"
    },
    {
      "description": "PU-Tray",
      "name": "PU-Tray",
      "value": "PU"
    },
    {
      "description": "PV-Pipes, in bundle/bunch/truss",
      "name": "PV-Pipes, in bundle/bunch/truss",
      "value": "PV"
    },
    {
      "description": "PX-Pallet",
      "name": "PX-Pallet",
      "value": "PX"
    },
    {
      "description": "PY-Plates, in bundle/bunch/truss",
      "name": "PY-Plates, in bundle/bunch/truss",
      "value": "PY"
    },
    {
      "description": "PZ-Planks, in bundle/bunch/truss",
      "name": "PZ-Planks, in bundle/bunch/truss",
      "value": "PZ"
    },
    {
      "description": "QA-Drum,steel,non-removable head",
      "name": "QA-Drum,steel,non-removable head",
      "value": "QA"
    },
    {
      "description": "QB-Drum, steel, removable head",
      "name": "QB-Drum, steel, removable head",
      "value": "QB"
    },
    {
      "description": "QC-Drum,aluminium,non-removable head",
      "name": "QC-Drum,aluminium,non-removable head",
      "value": "QC"
    },
    {
      "description": "QD-Drum, aluminium, removable head",
      "name": "QD-Drum, aluminium, removable head",
      "value": "QD"
    },
    {
      "description": "QF-Drum, plastic, non-removable head",
      "name": "QF-Drum, plastic, non-removable head",
      "value": "QF"
    },
    {
      "description": "QG-Drum, plastic, removable head",
      "name": "QG-Drum, plastic, removable head",
      "value": "QG"
    },
    {
      "description": "QH-Barrel, wooden, bung type",
      "name": "QH-Barrel, wooden, bung type",
      "value": "QH"
    },
    {
      "description": "QJ-Barrel, wooden, removable head",
      "name": "QJ-Barrel, wooden, removable head",
      "value": "QJ"
    },
    {
      "description": "QK-Jerrican, steel, non-removable head",
      "name": "QK-Jerrican, steel, non-removable head",
      "value": "QK"
    },
    {
      "description": "QL-Jerrican, steel, removable head",
      "name": "QL-Jerrican, steel, removable head",
      "value": "QL"
    },
    {
      "description": "QM-Jerrican,plastic,non-removable head",
      "name": "QM-Jerrican,plastic,non-removable head",
      "value": "QM"
    },
    {
      "description": "QN-Jerrican, plastic, removable head",
      "name": "QN-Jerrican, plastic, removable head",
      "value": "QN"
    },
    {
      "description": "QP-Box, wooden, natural wood, ordinary",
      "name": "QP-Box, wooden, natural wood, ordinary",
      "value": "QP"
    },
    {
      "description": "QQ-Box,natural wood,with sift walls 5",
      "name": "QQ-Box,natural wood,with sift walls 5",
      "value": "QQ"
    },
    {
      "description": "QR-Box, plastic, expanded",
      "name": "QR-Box, plastic, expanded",
      "value": "QR"
    },
    {
      "description": "QS-Box, plastic, solid",
      "name": "QS-Box, plastic, solid",
      "value": "QS"
    },
    {
      "description": "RD-Rod",
      "name": "RD-Rod",
      "value": "RD"
    },
    {
      "description": "RG-Ring",
      "name": "RG-Ring",
      "value": "RG"
    },
    {
      "description": "RJ-Rack, clothing hanger",
      "name": "RJ-Rack, clothing hanger",
      "value": "RJ"
    },
    {
      "description": "RK-Rack",
      "name": "RK-Rack",
      "value": "RK"
    },
    {
      "description": "RL-Reel",
      "name": "RL-Reel",
      "value": "RL"
    },
    {
      "description": "RO-Roll",
      "name": "RO-Roll",
      "value": "RO"
    },
    {
      "description": "RT-Rednet",
      "name": "RT-Rednet",
      "value": "RT"
    },
    {
      "description": "RZ-Rods, in bundle/bunch/truss",
      "name": "RZ-Rods, in bundle/bunch/truss",
      "value": "RZ"
    },
    {
      "description": "SA-Sack",
      "name": "SA-Sack",
      "value": "SA"
    },
    {
      "description": "SB-Slab",
      "name": "SB-Slab",
      "value": "SB"
    },
    {
      "description": "SC-Crate, shallow",
      "name": "SC-Crate, shallow",
      "value": "SC"
    },
    {
      "description": "SD-Spindle",
      "name": "SD-Spindle",
      "value": "SD"
    },
    {
      "description": "SE-Sea-chest",
      "name": "SE-Sea-chest",
      "value": "SE"
    },
    {
      "description": "SH-Sachet",
      "name": "SH-Sachet",
      "value": "SH"
    },
    {
      "description": "SI-Skid",
      "name": "SI-Skid",
      "value": "SI"
    },
    {
      "description": "SK-Case, skeleton",
      "name": "SK-Case, skeleton",
      "value": "SK"
    },
    {
      "description": "SL-Slipsheet",
      "name": "SL-Slipsheet",
      "value": "SL"
    },
    {
      "description": "SM-Sheetmetal",
      "name": "SM-Sheetmetal",
      "value": "SM"
    },
    {
      "description": "SO-Spool",
      "name": "SO-Spool",
      "value": "SO"
    },
    {
      "description": "SP-Sheet, plastic wrapping",
      "name": "SP-Sheet, plastic wrapping",
      "value": "SP"
    },
    {
      "description": "SS-Case",
      "name": "SS-Case",
      "value": "SS"
    },
    {
      "description": "ST-Sheet",
      "name": "ST-Sheet",
      "value": "ST"
    },
    {
      "description": "SU-Suitcase",
      "name": "SU-Suitcase",
      "value": "SU"
    },
    {
      "description": "SV-Envelope",
      "name": "SV-Envelope",
      "value": "SV"
    },
    {
      "description": "SW-Shrinkwrapped",
      "name": "SW-Shrinkwrapped",
      "value": "SW"
    },
    {
      "description": "SX-Set",
      "name": "SX-Set",
      "value": "SX"
    },
    {
      "description": "SY-Sleeve",
      "name": "SY-Sleeve",
      "value": "SY"
    },
    {
      "description": "SZ-Sheets, in bundle/bunch/truss",
      "name": "SZ-Sheets, in bundle/bunch/truss",
      "value": "SZ"
    },
    {
      "description": "T1-Tablet",
      "name": "T1-Tablet",
      "value": "T1"
    },
    {
      "description": "TB-Tub",
      "name": "TB-Tub",
      "value": "TB"
    },
    {
      "description": "TC-Tea-chest",
      "name": "TC-Tea-chest",
      "value": "TC"
    },
    {
      "description": "TD-Tube, collapsible",
      "name": "TD-Tube, collapsible",
      "value": "TD"
    },
    {
      "description": "TE-Tyre",
      "name": "TE-Tyre",
      "value": "TE"
    },
    {
      "description": "TG-Tank container",
      "name": "TG-Tank container",
      "value": "TG"
    },
    {
      "description": "TI-Tierce",
      "name": "TI-Tierce",
      "value": "TI"
    },
    {
      "description": "TK-Tank, rectangular",
      "name": "TK-Tank, rectangular",
      "value": "TK"
    },
    {
      "description": "TL-Tub",
      "name": "TL-Tub",
      "value": "TL"
    },
    {
      "description": "TN-Tin",
      "name": "TN-Tin",
      "value": "TN"
    },
    {
      "description": "TO-Tun",
      "name": "TO-Tun",
      "value": "TO"
    },
    {
      "description": "TR-Trunk",
      "name": "TR-Trunk",
      "value": "TR"
    },
    {
      "description": "TS-Truss",
      "name": "TS-Truss",
      "value": "TS"
    },
    {
      "description": "TT-Bag",
      "name": "TT-Bag",
      "value": "TT"
    },
    {
      "description": "TU-Tube",
      "name": "TU-Tube",
      "value": "TU"
    },
    {
      "description": "TV-Tube, with nozzle",
      "name": "TV-Tube, with nozzle",
      "value": "TV"
    },
    {
      "description": "TW-Pallet",
      "name": "TW-Pallet",
      "value": "TW"
    },
    {
      "name": "g",
      "value": "109"
    },
    {
      "name": "-",
      "value": "108"
    },
    {
      "name": "50kgs",
      "value": "107"
    },
    {
      "name": "1000sticks",
      "value": "106"
    },
    {
      "name": "Kg",
      "value": "103"
    },
    {
      "name": "Minute",
      "value": "105"
    },
    {
      "name": "User per day of access",
      "value": "104"
    },
    {
      "name": "Litre",
      "value": "102"
    },
    {
      "name": "Stick",
      "value": "101"
    },
    {
      "name": "",
      "value": null
    }
]